nohup: ignoring input
Logging into W&B as 'hankun2004-purdue-university'.
Token is valid (permission: fineGrained).
The token `Hankun` has been saved to /data/shared_data/hankun/huggingface/stored_tokens
Your token has been saved in your configured git credential helpers (store).
Your token has been saved to /data/shared_data/hankun/huggingface/token
Login successful.
Note: Environment variable`HF_TOKEN` is set and is the current active token independently from the token you've just configured.
[33m⚠️  Warning: 'huggingface-cli login' is deprecated. Use 'hf auth login' instead.[0m
HuggingFace cache set to '/home/hankun/e2d/.hf_cache'.
[Self-Distill] Building distilled UltraChat dataset at /data/shared_data/hankun/datasets/ultrachat_qwen3_1p7b_thinking_maxlen1024
Loading checkpoint shards:   0%|          | 0/2 [00:00<?, ?it/s]Loading checkpoint shards:  50%|█████     | 1/2 [00:01<00:01,  1.05s/it]Loading checkpoint shards: 100%|██████████| 2/2 [00:01<00:00,  1.90it/s]Loading checkpoint shards: 100%|██████████| 2/2 [00:01<00:00,  1.66it/s]
`trust_remote_code` is not supported anymore.
Please check that the Hugging Face dataset 'HuggingFaceH4/ultrachat_200k' isn't based on a loading script and remove `trust_remote_code`.
If the dataset is based on a loading script, please ask the dataset author to remove it and convert it to a standard format like Parquet.
The following generation flags are not valid and may be ignored: ['temperature', 'top_p', 'top_k']. Set `TRANSFORMERS_VERBOSITY=info` for more details.
The following generation flags are not valid and may be ignored: ['temperature', 'top_p', 'top_k']. Set `TRANSFORMERS_VERBOSITY=info` for more details.
The following generation flags are not valid and may be ignored: ['temperature', 'top_p', 'top_k']. Set `TRANSFORMERS_VERBOSITY=info` for more details.
The following generation flags are not valid and may be ignored: ['temperature', 'top_p', 'top_k']. Set `TRANSFORMERS_VERBOSITY=info` for more details.
The following generation flags are not valid and may be ignored: ['temperature', 'top_p', 'top_k']. Set `TRANSFORMERS_VERBOSITY=info` for more details.
The following generation flags are not valid and may be ignored: ['temperature', 'top_p', 'top_k']. Set `TRANSFORMERS_VERBOSITY=info` for more details.
The following generation flags are not valid and may be ignored: ['temperature', 'top_p', 'top_k']. Set `TRANSFORMERS_VERBOSITY=info` for more details.
The following generation flags are not valid and may be ignored: ['temperature', 'top_p', 'top_k']. Set `TRANSFORMERS_VERBOSITY=info` for more details.
The following generation flags are not valid and may be ignored: ['temperature', 'top_p', 'top_k']. Set `TRANSFORMERS_VERBOSITY=info` for more details.
The following generation flags are not valid and may be ignored: ['temperature', 'top_p', 'top_k']. Set `TRANSFORMERS_VERBOSITY=info` for more details.
The following generation flags are not valid and may be ignored: ['temperature', 'top_p', 'top_k']. Set `TRANSFORMERS_VERBOSITY=info` for more details.
The following generation flags are not valid and may be ignored: ['temperature', 'top_p', 'top_k']. Set `TRANSFORMERS_VERBOSITY=info` for more details.
The following generation flags are not valid and may be ignored: ['temperature', 'top_p', 'top_k']. Set `TRANSFORMERS_VERBOSITY=info` for more details.
The following generation flags are not valid and may be ignored: ['temperature', 'top_p', 'top_k']. Set `TRANSFORMERS_VERBOSITY=info` for more details.
The following generation flags are not valid and may be ignored: ['temperature', 'top_p', 'top_k']. Set `TRANSFORMERS_VERBOSITY=info` for more details.
The following generation flags are not valid and may be ignored: ['temperature', 'top_p', 'top_k']. Set `TRANSFORMERS_VERBOSITY=info` for more details.
The following generation flags are not valid and may be ignored: ['temperature', 'top_p', 'top_k']. Set `TRANSFORMERS_VERBOSITY=info` for more details.
The following generation flags are not valid and may be ignored: ['temperature', 'top_p', 'top_k']. Set `TRANSFORMERS_VERBOSITY=info` for more details.
The following generation flags are not valid and may be ignored: ['temperature', 'top_p', 'top_k']. Set `TRANSFORMERS_VERBOSITY=info` for more details.
The following generation flags are not valid and may be ignored: ['temperature', 'top_p', 'top_k']. Set `TRANSFORMERS_VERBOSITY=info` for more details.
The following generation flags are not valid and may be ignored: ['temperature', 'top_p', 'top_k']. Set `TRANSFORMERS_VERBOSITY=info` for more details.
The following generation flags are not valid and may be ignored: ['temperature', 'top_p', 'top_k']. Set `TRANSFORMERS_VERBOSITY=info` for more details.
The following generation flags are not valid and may be ignored: ['temperature', 'top_p', 'top_k']. Set `TRANSFORMERS_VERBOSITY=info` for more details.
The following generation flags are not valid and may be ignored: ['temperature', 'top_p', 'top_k']. Set `TRANSFORMERS_VERBOSITY=info` for more details.
The following generation flags are not valid and may be ignored: ['temperature', 'top_p', 'top_k']. Set `TRANSFORMERS_VERBOSITY=info` for more details.
The following generation flags are not valid and may be ignored: ['temperature', 'top_p', 'top_k']. Set `TRANSFORMERS_VERBOSITY=info` for more details.
The following generation flags are not valid and may be ignored: ['temperature', 'top_p', 'top_k']. Set `TRANSFORMERS_VERBOSITY=info` for more details.
The following generation flags are not valid and may be ignored: ['temperature', 'top_p', 'top_k']. Set `TRANSFORMERS_VERBOSITY=info` for more details.
The following generation flags are not valid and may be ignored: ['temperature', 'top_p', 'top_k']. Set `TRANSFORMERS_VERBOSITY=info` for more details.
The following generation flags are not valid and may be ignored: ['temperature', 'top_p', 'top_k']. Set `TRANSFORMERS_VERBOSITY=info` for more details.
The following generation flags are not valid and may be ignored: ['temperature', 'top_p', 'top_k']. Set `TRANSFORMERS_VERBOSITY=info` for more details.
The following generation flags are not valid and may be ignored: ['temperature', 'top_p', 'top_k']. Set `TRANSFORMERS_VERBOSITY=info` for more details.
The following generation flags are not valid and may be ignored: ['temperature', 'top_p', 'top_k']. Set `TRANSFORMERS_VERBOSITY=info` for more details.
The following generation flags are not valid and may be ignored: ['temperature', 'top_p', 'top_k']. Set `TRANSFORMERS_VERBOSITY=info` for more details.
The following generation flags are not valid and may be ignored: ['temperature', 'top_p', 'top_k']. Set `TRANSFORMERS_VERBOSITY=info` for more details.
The following generation flags are not valid and may be ignored: ['temperature', 'top_p', 'top_k']. Set `TRANSFORMERS_VERBOSITY=info` for more details.
The following generation flags are not valid and may be ignored: ['temperature', 'top_p', 'top_k']. Set `TRANSFORMERS_VERBOSITY=info` for more details.
The following generation flags are not valid and may be ignored: ['temperature', 'top_p', 'top_k']. Set `TRANSFORMERS_VERBOSITY=info` for more details.
The following generation flags are not valid and may be ignored: ['temperature', 'top_p', 'top_k']. Set `TRANSFORMERS_VERBOSITY=info` for more details.
The following generation flags are not valid and may be ignored: ['temperature', 'top_p', 'top_k']. Set `TRANSFORMERS_VERBOSITY=info` for more details.
The following generation flags are not valid and may be ignored: ['temperature', 'top_p', 'top_k']. Set `TRANSFORMERS_VERBOSITY=info` for more details.
The following generation flags are not valid and may be ignored: ['temperature', 'top_p', 'top_k']. Set `TRANSFORMERS_VERBOSITY=info` for more details.
The following generation flags are not valid and may be ignored: ['temperature', 'top_p', 'top_k']. Set `TRANSFORMERS_VERBOSITY=info` for more details.
The following generation flags are not valid and may be ignored: ['temperature', 'top_p', 'top_k']. Set `TRANSFORMERS_VERBOSITY=info` for more details.
The following generation flags are not valid and may be ignored: ['temperature', 'top_p', 'top_k']. Set `TRANSFORMERS_VERBOSITY=info` for more details.
The following generation flags are not valid and may be ignored: ['temperature', 'top_p', 'top_k']. Set `TRANSFORMERS_VERBOSITY=info` for more details.
The following generation flags are not valid and may be ignored: ['temperature', 'top_p', 'top_k']. Set `TRANSFORMERS_VERBOSITY=info` for more details.
The following generation flags are not valid and may be ignored: ['temperature', 'top_p', 'top_k']. Set `TRANSFORMERS_VERBOSITY=info` for more details.
The following generation flags are not valid and may be ignored: ['temperature', 'top_p', 'top_k']. Set `TRANSFORMERS_VERBOSITY=info` for more details.
The following generation flags are not valid and may be ignored: ['temperature', 'top_p', 'top_k']. Set `TRANSFORMERS_VERBOSITY=info` for more details.
The following generation flags are not valid and may be ignored: ['temperature', 'top_p', 'top_k']. Set `TRANSFORMERS_VERBOSITY=info` for more details.
The following generation flags are not valid and may be ignored: ['temperature', 'top_p', 'top_k']. Set `TRANSFORMERS_VERBOSITY=info` for more details.
The following generation flags are not valid and may be ignored: ['temperature', 'top_p', 'top_k']. Set `TRANSFORMERS_VERBOSITY=info` for more details.
The following generation flags are not valid and may be ignored: ['temperature', 'top_p', 'top_k']. Set `TRANSFORMERS_VERBOSITY=info` for more details.
The following generation flags are not valid and may be ignored: ['temperature', 'top_p', 'top_k']. Set `TRANSFORMERS_VERBOSITY=info` for more details.
The following generation flags are not valid and may be ignored: ['temperature', 'top_p', 'top_k']. Set `TRANSFORMERS_VERBOSITY=info` for more details.
The following generation flags are not valid and may be ignored: ['temperature', 'top_p', 'top_k']. Set `TRANSFORMERS_VERBOSITY=info` for more details.
The following generation flags are not valid and may be ignored: ['temperature', 'top_p', 'top_k']. Set `TRANSFORMERS_VERBOSITY=info` for more details.
The following generation flags are not valid and may be ignored: ['temperature', 'top_p', 'top_k']. Set `TRANSFORMERS_VERBOSITY=info` for more details.
The following generation flags are not valid and may be ignored: ['temperature', 'top_p', 'top_k']. Set `TRANSFORMERS_VERBOSITY=info` for more details.
The following generation flags are not valid and may be ignored: ['temperature', 'top_p', 'top_k']. Set `TRANSFORMERS_VERBOSITY=info` for more details.
The following generation flags are not valid and may be ignored: ['temperature', 'top_p', 'top_k']. Set `TRANSFORMERS_VERBOSITY=info` for more details.
The following generation flags are not valid and may be ignored: ['temperature', 'top_p', 'top_k']. Set `TRANSFORMERS_VERBOSITY=info` for more details.
The following generation flags are not valid and may be ignored: ['temperature', 'top_p', 'top_k']. Set `TRANSFORMERS_VERBOSITY=info` for more details.
The following generation flags are not valid and may be ignored: ['temperature', 'top_p', 'top_k']. Set `TRANSFORMERS_VERBOSITY=info` for more details.
The following generation flags are not valid and may be ignored: ['temperature', 'top_p', 'top_k']. Set `TRANSFORMERS_VERBOSITY=info` for more details.
The following generation flags are not valid and may be ignored: ['temperature', 'top_p', 'top_k']. Set `TRANSFORMERS_VERBOSITY=info` for more details.
The following generation flags are not valid and may be ignored: ['temperature', 'top_p', 'top_k']. Set `TRANSFORMERS_VERBOSITY=info` for more details.
The following generation flags are not valid and may be ignored: ['temperature', 'top_p', 'top_k']. Set `TRANSFORMERS_VERBOSITY=info` for more details.
The following generation flags are not valid and may be ignored: ['temperature', 'top_p', 'top_k']. Set `TRANSFORMERS_VERBOSITY=info` for more details.
The following generation flags are not valid and may be ignored: ['temperature', 'top_p', 'top_k']. Set `TRANSFORMERS_VERBOSITY=info` for more details.
The following generation flags are not valid and may be ignored: ['temperature', 'top_p', 'top_k']. Set `TRANSFORMERS_VERBOSITY=info` for more details.
The following generation flags are not valid and may be ignored: ['temperature', 'top_p', 'top_k']. Set `TRANSFORMERS_VERBOSITY=info` for more details.
The following generation flags are not valid and may be ignored: ['temperature', 'top_p', 'top_k']. Set `TRANSFORMERS_VERBOSITY=info` for more details.
The following generation flags are not valid and may be ignored: ['temperature', 'top_p', 'top_k']. Set `TRANSFORMERS_VERBOSITY=info` for more details.
The following generation flags are not valid and may be ignored: ['temperature', 'top_p', 'top_k']. Set `TRANSFORMERS_VERBOSITY=info` for more details.
The following generation flags are not valid and may be ignored: ['temperature', 'top_p', 'top_k']. Set `TRANSFORMERS_VERBOSITY=info` for more details.
The following generation flags are not valid and may be ignored: ['temperature', 'top_p', 'top_k']. Set `TRANSFORMERS_VERBOSITY=info` for more details.
The following generation flags are not valid and may be ignored: ['temperature', 'top_p', 'top_k']. Set `TRANSFORMERS_VERBOSITY=info` for more details.
[Self-Distill][train_sft] start: total_rows=207865, batch_size=64, max_samples=0, gen_max_seq_len=1536, train_max_seq_len=1024
[Self-Distill][train_sft] batches=1 prompts_processed=64/207865 pairs_written=64 global_pairs=64
[Self-Distill][train_sft] batches=2 prompts_processed=128/207865 pairs_written=128 global_pairs=128
[Self-Distill][train_sft] batches=3 prompts_processed=192/207865 pairs_written=192 global_pairs=192
[Self-Distill][train_sft] batches=4 prompts_processed=256/207865 pairs_written=256 global_pairs=256
[Self-Distill][train_sft] batches=5 prompts_processed=320/207865 pairs_written=320 global_pairs=320
[Self-Distill][train_sft] batches=6 prompts_processed=384/207865 pairs_written=384 global_pairs=384
[Self-Distill][train_sft] batches=7 prompts_processed=448/207865 pairs_written=448 global_pairs=448
[Self-Distill][train_sft] batches=8 prompts_processed=512/207865 pairs_written=512 global_pairs=512
[Self-Distill][train_sft] batches=9 prompts_processed=576/207865 pairs_written=576 global_pairs=576
[Self-Distill][train_sft] batches=10 prompts_processed=640/207865 pairs_written=640 global_pairs=640
[Self-Distill][train_sft] batches=11 prompts_processed=704/207865 pairs_written=704 global_pairs=704
[Self-Distill][train_sft] batches=12 prompts_processed=768/207865 pairs_written=768 global_pairs=768
[Self-Distill][train_sft] batches=13 prompts_processed=832/207865 pairs_written=832 global_pairs=832
[Self-Distill][train_sft] batches=14 prompts_processed=896/207865 pairs_written=896 global_pairs=896
[Self-Distill][train_sft] batches=15 prompts_processed=960/207865 pairs_written=960 global_pairs=960
[Self-Distill][train_sft] batches=16 prompts_processed=1024/207865 pairs_written=1024 global_pairs=1024
[Self-Distill][train_sft] batches=17 prompts_processed=1088/207865 pairs_written=1088 global_pairs=1088
[Self-Distill][train_sft] batches=18 prompts_processed=1152/207865 pairs_written=1152 global_pairs=1152
[Self-Distill][train_sft] batches=19 prompts_processed=1216/207865 pairs_written=1216 global_pairs=1216
[Self-Distill][train_sft] batches=20 prompts_processed=1280/207865 pairs_written=1280 global_pairs=1280
[Self-Distill][train_sft] batches=21 prompts_processed=1344/207865 pairs_written=1344 global_pairs=1344
[Self-Distill][train_sft] batches=22 prompts_processed=1408/207865 pairs_written=1408 global_pairs=1408
[Self-Distill][train_sft] batches=23 prompts_processed=1472/207865 pairs_written=1472 global_pairs=1472
[Self-Distill][train_sft] batches=24 prompts_processed=1536/207865 pairs_written=1536 global_pairs=1536
[Self-Distill][train_sft] batches=25 prompts_processed=1600/207865 pairs_written=1600 global_pairs=1600
[Self-Distill][train_sft] batches=26 prompts_processed=1664/207865 pairs_written=1664 global_pairs=1664
[Self-Distill][train_sft] batches=27 prompts_processed=1728/207865 pairs_written=1728 global_pairs=1728
[Self-Distill][train_sft] batches=28 prompts_processed=1792/207865 pairs_written=1792 global_pairs=1792
[Self-Distill][train_sft] batches=29 prompts_processed=1856/207865 pairs_written=1856 global_pairs=1856
[Self-Distill][train_sft] batches=30 prompts_processed=1920/207865 pairs_written=1920 global_pairs=1920
[Self-Distill][train_sft] batches=31 prompts_processed=1984/207865 pairs_written=1984 global_pairs=1984
[Self-Distill][train_sft] batches=32 prompts_processed=2048/207865 pairs_written=2048 global_pairs=2048
[Self-Distill][train_sft] batches=33 prompts_processed=2112/207865 pairs_written=2112 global_pairs=2112
[Self-Distill][train_sft] batches=34 prompts_processed=2176/207865 pairs_written=2176 global_pairs=2176
[Self-Distill][train_sft] batches=35 prompts_processed=2240/207865 pairs_written=2240 global_pairs=2240
[Self-Distill][train_sft] batches=36 prompts_processed=2304/207865 pairs_written=2304 global_pairs=2304
[Self-Distill][train_sft] batches=37 prompts_processed=2368/207865 pairs_written=2368 global_pairs=2368
[Self-Distill][train_sft] batches=38 prompts_processed=2432/207865 pairs_written=2432 global_pairs=2432
[Self-Distill][train_sft] batches=39 prompts_processed=2496/207865 pairs_written=2496 global_pairs=2496
[Self-Distill][train_sft] batches=40 prompts_processed=2560/207865 pairs_written=2560 global_pairs=2560
[Self-Distill][train_sft] batches=41 prompts_processed=2624/207865 pairs_written=2624 global_pairs=2624
[Self-Distill][train_sft] batches=42 prompts_processed=2688/207865 pairs_written=2688 global_pairs=2688
[Self-Distill][train_sft] batches=43 prompts_processed=2752/207865 pairs_written=2752 global_pairs=2752
[Self-Distill][train_sft] batches=44 prompts_processed=2816/207865 pairs_written=2816 global_pairs=2816
[Self-Distill][train_sft] batches=45 prompts_processed=2880/207865 pairs_written=2880 global_pairs=2880
[Self-Distill][train_sft] batches=46 prompts_processed=2944/207865 pairs_written=2944 global_pairs=2944
[Self-Distill][train_sft] batches=47 prompts_processed=3008/207865 pairs_written=3008 global_pairs=3008
[Self-Distill][train_sft] batches=48 prompts_processed=3072/207865 pairs_written=3072 global_pairs=3072
[Self-Distill][train_sft] batches=49 prompts_processed=3136/207865 pairs_written=3136 global_pairs=3136
[Self-Distill][train_sft] batches=50 prompts_processed=3200/207865 pairs_written=3200 global_pairs=3200
[Self-Distill][train_sft] batches=51 prompts_processed=3264/207865 pairs_written=3264 global_pairs=3264
[Self-Distill][train_sft] batches=52 prompts_processed=3328/207865 pairs_written=3328 global_pairs=3328
[Self-Distill][train_sft] batches=53 prompts_processed=3392/207865 pairs_written=3392 global_pairs=3392
[Self-Distill][train_sft] batches=54 prompts_processed=3456/207865 pairs_written=3456 global_pairs=3456
[Self-Distill][train_sft] batches=55 prompts_processed=3520/207865 pairs_written=3520 global_pairs=3520
[Self-Distill][train_sft] batches=56 prompts_processed=3584/207865 pairs_written=3584 global_pairs=3584
[Self-Distill][train_sft] batches=57 prompts_processed=3648/207865 pairs_written=3648 global_pairs=3648
[Self-Distill][train_sft] batches=58 prompts_processed=3712/207865 pairs_written=3712 global_pairs=3712
[Self-Distill][train_sft] batches=59 prompts_processed=3776/207865 pairs_written=3776 global_pairs=3776
[Self-Distill][train_sft] batches=60 prompts_processed=3840/207865 pairs_written=3840 global_pairs=3840
[Self-Distill][train_sft] batches=61 prompts_processed=3904/207865 pairs_written=3904 global_pairs=3904
[Self-Distill][train_sft] batches=62 prompts_processed=3968/207865 pairs_written=3968 global_pairs=3968
[Self-Distill][train_sft] batches=63 prompts_processed=4032/207865 pairs_written=4032 global_pairs=4032
[Self-Distill][train_sft] batches=64 prompts_processed=4096/207865 pairs_written=4096 global_pairs=4096
[Self-Distill][train_sft] batches=65 prompts_processed=4160/207865 pairs_written=4160 global_pairs=4160
[Self-Distill][train_sft] batches=66 prompts_processed=4224/207865 pairs_written=4224 global_pairs=4224
[Self-Distill][train_sft] batches=67 prompts_processed=4288/207865 pairs_written=4288 global_pairs=4288
[Self-Distill][train_sft] batches=68 prompts_processed=4352/207865 pairs_written=4352 global_pairs=4352
[Self-Distill][train_sft] batches=69 prompts_processed=4416/207865 pairs_written=4416 global_pairs=4416
[Self-Distill][train_sft] batches=70 prompts_processed=4480/207865 pairs_written=4480 global_pairs=4480
[Self-Distill][train_sft] batches=71 prompts_processed=4544/207865 pairs_written=4544 global_pairs=4544
[Self-Distill][train_sft] batches=72 prompts_processed=4608/207865 pairs_written=4608 global_pairs=4608
[Self-Distill][train_sft] batches=73 prompts_processed=4672/207865 pairs_written=4672 global_pairs=4672
[Self-Distill][train_sft] batches=74 prompts_processed=4736/207865 pairs_written=4736 global_pairs=4736
[Self-Distill][train_sft] batches=75 prompts_processed=4800/207865 pairs_written=4800 global_pairs=4800
[Self-Distill][train_sft] batches=76 prompts_processed=4864/207865 pairs_written=4864 global_pairs=4864
[Self-Distill][train_sft] batches=77 prompts_processed=4928/207865 pairs_written=4928 global_pairs=4928
[Self-Distill][train_sft] batches=78 prompts_processed=4992/207865 pairs_written=4992 global_pairs=4992
[Self-Distill][train_sft] batches=79 prompts_processed=5056/207865 pairs_written=5056 global_pairs=5056The following generation flags are not valid and may be ignored: ['temperature', 'top_p', 'top_k']. Set `TRANSFORMERS_VERBOSITY=info` for more details.
The following generation flags are not valid and may be ignored: ['temperature', 'top_p', 'top_k']. Set `TRANSFORMERS_VERBOSITY=info` for more details.
The following generation flags are not valid and may be ignored: ['temperature', 'top_p', 'top_k']. Set `TRANSFORMERS_VERBOSITY=info` for more details.
The following generation flags are not valid and may be ignored: ['temperature', 'top_p', 'top_k']. Set `TRANSFORMERS_VERBOSITY=info` for more details.
The following generation flags are not valid and may be ignored: ['temperature', 'top_p', 'top_k']. Set `TRANSFORMERS_VERBOSITY=info` for more details.
The following generation flags are not valid and may be ignored: ['temperature', 'top_p', 'top_k']. Set `TRANSFORMERS_VERBOSITY=info` for more details.
The following generation flags are not valid and may be ignored: ['temperature', 'top_p', 'top_k']. Set `TRANSFORMERS_VERBOSITY=info` for more details.
The following generation flags are not valid and may be ignored: ['temperature', 'top_p', 'top_k']. Set `TRANSFORMERS_VERBOSITY=info` for more details.
The following generation flags are not valid and may be ignored: ['temperature', 'top_p', 'top_k']. Set `TRANSFORMERS_VERBOSITY=info` for more details.
The following generation flags are not valid and may be ignored: ['temperature', 'top_p', 'top_k']. Set `TRANSFORMERS_VERBOSITY=info` for more details.
The following generation flags are not valid and may be ignored: ['temperature', 'top_p', 'top_k']. Set `TRANSFORMERS_VERBOSITY=info` for more details.
The following generation flags are not valid and may be ignored: ['temperature', 'top_p', 'top_k']. Set `TRANSFORMERS_VERBOSITY=info` for more details.
The following generation flags are not valid and may be ignored: ['temperature', 'top_p', 'top_k']. Set `TRANSFORMERS_VERBOSITY=info` for more details.
The following generation flags are not valid and may be ignored: ['temperature', 'top_p', 'top_k']. Set `TRANSFORMERS_VERBOSITY=info` for more details.
The following generation flags are not valid and may be ignored: ['temperature', 'top_p', 'top_k']. Set `TRANSFORMERS_VERBOSITY=info` for more details.
The following generation flags are not valid and may be ignored: ['temperature', 'top_p', 'top_k']. Set `TRANSFORMERS_VERBOSITY=info` for more details.
The following generation flags are not valid and may be ignored: ['temperature', 'top_p', 'top_k']. Set `TRANSFORMERS_VERBOSITY=info` for more details.
The following generation flags are not valid and may be ignored: ['temperature', 'top_p', 'top_k']. Set `TRANSFORMERS_VERBOSITY=info` for more details.
The following generation flags are not valid and may be ignored: ['temperature', 'top_p', 'top_k']. Set `TRANSFORMERS_VERBOSITY=info` for more details.
The following generation flags are not valid and may be ignored: ['temperature', 'top_p', 'top_k']. Set `TRANSFORMERS_VERBOSITY=info` for more details.
The following generation flags are not valid and may be ignored: ['temperature', 'top_p', 'top_k']. Set `TRANSFORMERS_VERBOSITY=info` for more details.
The following generation flags are not valid and may be ignored: ['temperature', 'top_p', 'top_k']. Set `TRANSFORMERS_VERBOSITY=info` for more details.
The following generation flags are not valid and may be ignored: ['temperature', 'top_p', 'top_k']. Set `TRANSFORMERS_VERBOSITY=info` for more details.
The following generation flags are not valid and may be ignored: ['temperature', 'top_p', 'top_k']. Set `TRANSFORMERS_VERBOSITY=info` for more details.
The following generation flags are not valid and may be ignored: ['temperature', 'top_p', 'top_k']. Set `TRANSFORMERS_VERBOSITY=info` for more details.
The following generation flags are not valid and may be ignored: ['temperature', 'top_p', 'top_k']. Set `TRANSFORMERS_VERBOSITY=info` for more details.
The following generation flags are not valid and may be ignored: ['temperature', 'top_p', 'top_k']. Set `TRANSFORMERS_VERBOSITY=info` for more details.
The following generation flags are not valid and may be ignored: ['temperature', 'top_p', 'top_k']. Set `TRANSFORMERS_VERBOSITY=info` for more details.
The following generation flags are not valid and may be ignored: ['temperature', 'top_p', 'top_k']. Set `TRANSFORMERS_VERBOSITY=info` for more details.
The following generation flags are not valid and may be ignored: ['temperature', 'top_p', 'top_k']. Set `TRANSFORMERS_VERBOSITY=info` for more details.
The following generation flags are not valid and may be ignored: ['temperature', 'top_p', 'top_k']. Set `TRANSFORMERS_VERBOSITY=info` for more details.
The following generation flags are not valid and may be ignored: ['temperature', 'top_p', 'top_k']. Set `TRANSFORMERS_VERBOSITY=info` for more details.
The following generation flags are not valid and may be ignored: ['temperature', 'top_p', 'top_k']. Set `TRANSFORMERS_VERBOSITY=info` for more details.
The following generation flags are not valid and may be ignored: ['temperature', 'top_p', 'top_k']. Set `TRANSFORMERS_VERBOSITY=info` for more details.
The following generation flags are not valid and may be ignored: ['temperature', 'top_p', 'top_k']. Set `TRANSFORMERS_VERBOSITY=info` for more details.
The following generation flags are not valid and may be ignored: ['temperature', 'top_p', 'top_k']. Set `TRANSFORMERS_VERBOSITY=info` for more details.
The following generation flags are not valid and may be ignored: ['temperature', 'top_p', 'top_k']. Set `TRANSFORMERS_VERBOSITY=info` for more details.
The following generation flags are not valid and may be ignored: ['temperature', 'top_p', 'top_k']. Set `TRANSFORMERS_VERBOSITY=info` for more details.
The following generation flags are not valid and may be ignored: ['temperature', 'top_p', 'top_k']. Set `TRANSFORMERS_VERBOSITY=info` for more details.
The following generation flags are not valid and may be ignored: ['temperature', 'top_p', 'top_k']. Set `TRANSFORMERS_VERBOSITY=info` for more details.
The following generation flags are not valid and may be ignored: ['temperature', 'top_p', 'top_k']. Set `TRANSFORMERS_VERBOSITY=info` for more details.
The following generation flags are not valid and may be ignored: ['temperature', 'top_p', 'top_k']. Set `TRANSFORMERS_VERBOSITY=info` for more details.
The following generation flags are not valid and may be ignored: ['temperature', 'top_p', 'top_k']. Set `TRANSFORMERS_VERBOSITY=info` for more details.
The following generation flags are not valid and may be ignored: ['temperature', 'top_p', 'top_k']. Set `TRANSFORMERS_VERBOSITY=info` for more details.
The following generation flags are not valid and may be ignored: ['temperature', 'top_p', 'top_k']. Set `TRANSFORMERS_VERBOSITY=info` for more details.
The following generation flags are not valid and may be ignored: ['temperature', 'top_p', 'top_k']. Set `TRANSFORMERS_VERBOSITY=info` for more details.
The following generation flags are not valid and may be ignored: ['temperature', 'top_p', 'top_k']. Set `TRANSFORMERS_VERBOSITY=info` for more details.
The following generation flags are not valid and may be ignored: ['temperature', 'top_p', 'top_k']. Set `TRANSFORMERS_VERBOSITY=info` for more details.
The following generation flags are not valid and may be ignored: ['temperature', 'top_p', 'top_k']. Set `TRANSFORMERS_VERBOSITY=info` for more details.
The following generation flags are not valid and may be ignored: ['temperature', 'top_p', 'top_k']. Set `TRANSFORMERS_VERBOSITY=info` for more details.
The following generation flags are not valid and may be ignored: ['temperature', 'top_p', 'top_k']. Set `TRANSFORMERS_VERBOSITY=info` for more details.
The following generation flags are not valid and may be ignored: ['temperature', 'top_p', 'top_k']. Set `TRANSFORMERS_VERBOSITY=info` for more details.
The following generation flags are not valid and may be ignored: ['temperature', 'top_p', 'top_k']. Set `TRANSFORMERS_VERBOSITY=info` for more details.
The following generation flags are not valid and may be ignored: ['temperature', 'top_p', 'top_k']. Set `TRANSFORMERS_VERBOSITY=info` for more details.
The following generation flags are not valid and may be ignored: ['temperature', 'top_p', 'top_k']. Set `TRANSFORMERS_VERBOSITY=info` for more details.
The following generation flags are not valid and may be ignored: ['temperature', 'top_p', 'top_k']. Set `TRANSFORMERS_VERBOSITY=info` for more details.
The following generation flags are not valid and may be ignored: ['temperature', 'top_p', 'top_k']. Set `TRANSFORMERS_VERBOSITY=info` for more details.
The following generation flags are not valid and may be ignored: ['temperature', 'top_p', 'top_k']. Set `TRANSFORMERS_VERBOSITY=info` for more details.
The following generation flags are not valid and may be ignored: ['temperature', 'top_p', 'top_k']. Set `TRANSFORMERS_VERBOSITY=info` for more details.
The following generation flags are not valid and may be ignored: ['temperature', 'top_p', 'top_k']. Set `TRANSFORMERS_VERBOSITY=info` for more details.
The following generation flags are not valid and may be ignored: ['temperature', 'top_p', 'top_k']. Set `TRANSFORMERS_VERBOSITY=info` for more details.
The following generation flags are not valid and may be ignored: ['temperature', 'top_p', 'top_k']. Set `TRANSFORMERS_VERBOSITY=info` for more details.
The following generation flags are not valid and may be ignored: ['temperature', 'top_p', 'top_k']. Set `TRANSFORMERS_VERBOSITY=info` for more details.
The following generation flags are not valid and may be ignored: ['temperature', 'top_p', 'top_k']. Set `TRANSFORMERS_VERBOSITY=info` for more details.
The following generation flags are not valid and may be ignored: ['temperature', 'top_p', 'top_k']. Set `TRANSFORMERS_VERBOSITY=info` for more details.
The following generation flags are not valid and may be ignored: ['temperature', 'top_p', 'top_k']. Set `TRANSFORMERS_VERBOSITY=info` for more details.
The following generation flags are not valid and may be ignored: ['temperature', 'top_p', 'top_k']. Set `TRANSFORMERS_VERBOSITY=info` for more details.
The following generation flags are not valid and may be ignored: ['temperature', 'top_p', 'top_k']. Set `TRANSFORMERS_VERBOSITY=info` for more details.
The following generation flags are not valid and may be ignored: ['temperature', 'top_p', 'top_k']. Set `TRANSFORMERS_VERBOSITY=info` for more details.
The following generation flags are not valid and may be ignored: ['temperature', 'top_p', 'top_k']. Set `TRANSFORMERS_VERBOSITY=info` for more details.
The following generation flags are not valid and may be ignored: ['temperature', 'top_p', 'top_k']. Set `TRANSFORMERS_VERBOSITY=info` for more details.
The following generation flags are not valid and may be ignored: ['temperature', 'top_p', 'top_k']. Set `TRANSFORMERS_VERBOSITY=info` for more details.
The following generation flags are not valid and may be ignored: ['temperature', 'top_p', 'top_k']. Set `TRANSFORMERS_VERBOSITY=info` for more details.
The following generation flags are not valid and may be ignored: ['temperature', 'top_p', 'top_k']. Set `TRANSFORMERS_VERBOSITY=info` for more details.
The following generation flags are not valid and may be ignored: ['temperature', 'top_p', 'top_k']. Set `TRANSFORMERS_VERBOSITY=info` for more details.
The following generation flags are not valid and may be ignored: ['temperature', 'top_p', 'top_k']. Set `TRANSFORMERS_VERBOSITY=info` for more details.
The following generation flags are not valid and may be ignored: ['temperature', 'top_p', 'top_k']. Set `TRANSFORMERS_VERBOSITY=info` for more details.
The following generation flags are not valid and may be ignored: ['temperature', 'top_p', 'top_k']. Set `TRANSFORMERS_VERBOSITY=info` for more details.
The following generation flags are not valid and may be ignored: ['temperature', 'top_p', 'top_k']. Set `TRANSFORMERS_VERBOSITY=info` for more details.

[Self-Distill][train_sft] batches=80 prompts_processed=5120/207865 pairs_written=5120 global_pairs=5120
[Self-Distill][train_sft] batches=81 prompts_processed=5184/207865 pairs_written=5184 global_pairs=5184
[Self-Distill][train_sft] batches=82 prompts_processed=5248/207865 pairs_written=5248 global_pairs=5248
[Self-Distill][train_sft] batches=83 prompts_processed=5312/207865 pairs_written=5312 global_pairs=5312
[Self-Distill][train_sft] batches=84 prompts_processed=5376/207865 pairs_written=5376 global_pairs=5376
[Self-Distill][train_sft] batches=85 prompts_processed=5440/207865 pairs_written=5440 global_pairs=5440
[Self-Distill][train_sft] batches=86 prompts_processed=5504/207865 pairs_written=5504 global_pairs=5504
[Self-Distill][train_sft] batches=87 prompts_processed=5568/207865 pairs_written=5568 global_pairs=5568
[Self-Distill][train_sft] batches=88 prompts_processed=5632/207865 pairs_written=5632 global_pairs=5632
[Self-Distill][train_sft] batches=89 prompts_processed=5696/207865 pairs_written=5696 global_pairs=5696
[Self-Distill][train_sft] batches=90 prompts_processed=5760/207865 pairs_written=5760 global_pairs=5760
[Self-Distill][train_sft] batches=91 prompts_processed=5824/207865 pairs_written=5824 global_pairs=5824
[Self-Distill][train_sft] batches=92 prompts_processed=5888/207865 pairs_written=5888 global_pairs=5888
[Self-Distill][train_sft] batches=93 prompts_processed=5952/207865 pairs_written=5952 global_pairs=5952
[Self-Distill][train_sft] batches=94 prompts_processed=6016/207865 pairs_written=6016 global_pairs=6016
[Self-Distill][train_sft] batches=95 prompts_processed=6080/207865 pairs_written=6080 global_pairs=6080
[Self-Distill][train_sft] batches=96 prompts_processed=6144/207865 pairs_written=6144 global_pairs=6144
[Self-Distill][train_sft] batches=97 prompts_processed=6208/207865 pairs_written=6208 global_pairs=6208
[Self-Distill][train_sft] batches=98 prompts_processed=6272/207865 pairs_written=6272 global_pairs=6272
[Self-Distill][train_sft] batches=99 prompts_processed=6336/207865 pairs_written=6336 global_pairs=6336
[Self-Distill][train_sft] batches=100 prompts_processed=6400/207865 pairs_written=6400 global_pairs=6400
[Self-Distill][train_sft] batches=101 prompts_processed=6464/207865 pairs_written=6464 global_pairs=6464
[Self-Distill][train_sft] batches=102 prompts_processed=6528/207865 pairs_written=6528 global_pairs=6528
[Self-Distill][train_sft] batches=103 prompts_processed=6592/207865 pairs_written=6592 global_pairs=6592
[Self-Distill][train_sft] batches=104 prompts_processed=6656/207865 pairs_written=6656 global_pairs=6656
[Self-Distill][train_sft] batches=105 prompts_processed=6720/207865 pairs_written=6720 global_pairs=6720
[Self-Distill][train_sft] batches=106 prompts_processed=6784/207865 pairs_written=6784 global_pairs=6784
[Self-Distill][train_sft] batches=107 prompts_processed=6848/207865 pairs_written=6848 global_pairs=6848
[Self-Distill][train_sft] batches=108 prompts_processed=6912/207865 pairs_written=6912 global_pairs=6912
[Self-Distill][train_sft] batches=109 prompts_processed=6976/207865 pairs_written=6976 global_pairs=6976
[Self-Distill][train_sft] batches=110 prompts_processed=7040/207865 pairs_written=7040 global_pairs=7040
[Self-Distill][train_sft] batches=111 prompts_processed=7104/207865 pairs_written=7104 global_pairs=7104
[Self-Distill][train_sft] batches=112 prompts_processed=7168/207865 pairs_written=7168 global_pairs=7168
[Self-Distill][train_sft] batches=113 prompts_processed=7232/207865 pairs_written=7232 global_pairs=7232
[Self-Distill][train_sft] batches=114 prompts_processed=7296/207865 pairs_written=7296 global_pairs=7296
[Self-Distill][train_sft] batches=115 prompts_processed=7360/207865 pairs_written=7360 global_pairs=7360
[Self-Distill][train_sft] batches=116 prompts_processed=7424/207865 pairs_written=7424 global_pairs=7424
[Self-Distill][train_sft] batches=117 prompts_processed=7488/207865 pairs_written=7488 global_pairs=7488
[Self-Distill][train_sft] batches=118 prompts_processed=7552/207865 pairs_written=7552 global_pairs=7552
[Self-Distill][train_sft] batches=119 prompts_processed=7616/207865 pairs_written=7616 global_pairs=7616
[Self-Distill][train_sft] batches=120 prompts_processed=7680/207865 pairs_written=7680 global_pairs=7680
[Self-Distill][train_sft] batches=121 prompts_processed=7744/207865 pairs_written=7744 global_pairs=7744
[Self-Distill][train_sft] batches=122 prompts_processed=7808/207865 pairs_written=7808 global_pairs=7808
[Self-Distill][train_sft] batches=123 prompts_processed=7872/207865 pairs_written=7872 global_pairs=7872
[Self-Distill][train_sft] batches=124 prompts_processed=7936/207865 pairs_written=7936 global_pairs=7936
[Self-Distill][train_sft] batches=125 prompts_processed=8000/207865 pairs_written=8000 global_pairs=8000
[Self-Distill][train_sft] batches=126 prompts_processed=8064/207865 pairs_written=8064 global_pairs=8064
[Self-Distill][train_sft] batches=127 prompts_processed=8128/207865 pairs_written=8128 global_pairs=8128
[Self-Distill][train_sft] batches=128 prompts_processed=8192/207865 pairs_written=8192 global_pairs=8192
[Self-Distill][train_sft] batches=129 prompts_processed=8256/207865 pairs_written=8256 global_pairs=8256
[Self-Distill][train_sft] batches=130 prompts_processed=8320/207865 pairs_written=8320 global_pairs=8320
[Self-Distill][train_sft] batches=131 prompts_processed=8384/207865 pairs_written=8384 global_pairs=8384
[Self-Distill][train_sft] batches=132 prompts_processed=8448/207865 pairs_written=8448 global_pairs=8448
[Self-Distill][train_sft] batches=133 prompts_processed=8512/207865 pairs_written=8512 global_pairs=8512
[Self-Distill][train_sft] batches=134 prompts_processed=8576/207865 pairs_written=8576 global_pairs=8576
[Self-Distill][train_sft] batches=135 prompts_processed=8640/207865 pairs_written=8640 global_pairs=8640
[Self-Distill][train_sft] batches=136 prompts_processed=8704/207865 pairs_written=8704 global_pairs=8704
[Self-Distill][train_sft] batches=137 prompts_processed=8768/207865 pairs_written=8768 global_pairs=8768
[Self-Distill][train_sft] batches=138 prompts_processed=8832/207865 pairs_written=8832 global_pairs=8832
[Self-Distill][train_sft] batches=139 prompts_processed=8896/207865 pairs_written=8896 global_pairs=8896
[Self-Distill][train_sft] batches=140 prompts_processed=8960/207865 pairs_written=8960 global_pairs=8960
[Self-Distill][train_sft] batches=141 prompts_processed=9024/207865 pairs_written=9024 global_pairs=9024
[Self-Distill][train_sft] batches=142 prompts_processed=9088/207865 pairs_written=9088 global_pairs=9088
[Self-Distill][train_sft] batches=143 prompts_processed=9152/207865 pairs_written=9152 global_pairs=9152
[Self-Distill][train_sft] batches=144 prompts_processed=9216/207865 pairs_written=9216 global_pairs=9216
[Self-Distill][train_sft] batches=145 prompts_processed=9280/207865 pairs_written=9280 global_pairs=9280
[Self-Distill][train_sft] batches=146 prompts_processed=9344/207865 pairs_written=9344 global_pairs=9344
[Self-Distill][train_sft] batches=147 prompts_processed=9408/207865 pairs_written=9408 global_pairs=9408
[Self-Distill][train_sft] batches=148 prompts_processed=9472/207865 pairs_written=9472 global_pairs=9472
[Self-Distill][train_sft] batches=149 prompts_processed=9536/207865 pairs_written=9536 global_pairs=9536
[Self-Distill][train_sft] batches=150 prompts_processed=9600/207865 pairs_written=9600 global_pairs=9600
[Self-Distill][train_sft] batches=151 prompts_processed=9664/207865 pairs_written=9664 global_pairs=9664
[Self-Distill][train_sft] batches=152 prompts_processed=9728/207865 pairs_written=9728 global_pairs=9728
[Self-Distill][train_sft] batches=153 prompts_processed=9792/207865 pairs_written=9792 global_pairs=9792
[Self-Distill][train_sft] batches=154 prompts_processed=9856/207865 pairs_written=9856 global_pairs=9856
[Self-Distill][train_sft] batches=155 prompts_processed=9920/207865 pairs_written=9920 global_pairs=9920
[Self-Distill][train_sft] batches=156 prompts_processed=9984/207865 pairs_written=9984 global_pairs=9984
[Self-Distill][train_sft] batches=157 prompts_processed=10048/207865 pairs_written=10048 global_pairs=10048
[Self-Distill][train_sft] batches=158 prompts_processed=10112/207865 pairs_written=10112 global_pairs=10112The following generation flags are not valid and may be ignored: ['temperature', 'top_p', 'top_k']. Set `TRANSFORMERS_VERBOSITY=info` for more details.
The following generation flags are not valid and may be ignored: ['temperature', 'top_p', 'top_k']. Set `TRANSFORMERS_VERBOSITY=info` for more details.
The following generation flags are not valid and may be ignored: ['temperature', 'top_p', 'top_k']. Set `TRANSFORMERS_VERBOSITY=info` for more details.
The following generation flags are not valid and may be ignored: ['temperature', 'top_p', 'top_k']. Set `TRANSFORMERS_VERBOSITY=info` for more details.
The following generation flags are not valid and may be ignored: ['temperature', 'top_p', 'top_k']. Set `TRANSFORMERS_VERBOSITY=info` for more details.
The following generation flags are not valid and may be ignored: ['temperature', 'top_p', 'top_k']. Set `TRANSFORMERS_VERBOSITY=info` for more details.
The following generation flags are not valid and may be ignored: ['temperature', 'top_p', 'top_k']. Set `TRANSFORMERS_VERBOSITY=info` for more details.
The following generation flags are not valid and may be ignored: ['temperature', 'top_p', 'top_k']. Set `TRANSFORMERS_VERBOSITY=info` for more details.
The following generation flags are not valid and may be ignored: ['temperature', 'top_p', 'top_k']. Set `TRANSFORMERS_VERBOSITY=info` for more details.
The following generation flags are not valid and may be ignored: ['temperature', 'top_p', 'top_k']. Set `TRANSFORMERS_VERBOSITY=info` for more details.
The following generation flags are not valid and may be ignored: ['temperature', 'top_p', 'top_k']. Set `TRANSFORMERS_VERBOSITY=info` for more details.
The following generation flags are not valid and may be ignored: ['temperature', 'top_p', 'top_k']. Set `TRANSFORMERS_VERBOSITY=info` for more details.
The following generation flags are not valid and may be ignored: ['temperature', 'top_p', 'top_k']. Set `TRANSFORMERS_VERBOSITY=info` for more details.
The following generation flags are not valid and may be ignored: ['temperature', 'top_p', 'top_k']. Set `TRANSFORMERS_VERBOSITY=info` for more details.
The following generation flags are not valid and may be ignored: ['temperature', 'top_p', 'top_k']. Set `TRANSFORMERS_VERBOSITY=info` for more details.
The following generation flags are not valid and may be ignored: ['temperature', 'top_p', 'top_k']. Set `TRANSFORMERS_VERBOSITY=info` for more details.
The following generation flags are not valid and may be ignored: ['temperature', 'top_p', 'top_k']. Set `TRANSFORMERS_VERBOSITY=info` for more details.
The following generation flags are not valid and may be ignored: ['temperature', 'top_p', 'top_k']. Set `TRANSFORMERS_VERBOSITY=info` for more details.
The following generation flags are not valid and may be ignored: ['temperature', 'top_p', 'top_k']. Set `TRANSFORMERS_VERBOSITY=info` for more details.
The following generation flags are not valid and may be ignored: ['temperature', 'top_p', 'top_k']. Set `TRANSFORMERS_VERBOSITY=info` for more details.
The following generation flags are not valid and may be ignored: ['temperature', 'top_p', 'top_k']. Set `TRANSFORMERS_VERBOSITY=info` for more details.
The following generation flags are not valid and may be ignored: ['temperature', 'top_p', 'top_k']. Set `TRANSFORMERS_VERBOSITY=info` for more details.
The following generation flags are not valid and may be ignored: ['temperature', 'top_p', 'top_k']. Set `TRANSFORMERS_VERBOSITY=info` for more details.
The following generation flags are not valid and may be ignored: ['temperature', 'top_p', 'top_k']. Set `TRANSFORMERS_VERBOSITY=info` for more details.
The following generation flags are not valid and may be ignored: ['temperature', 'top_p', 'top_k']. Set `TRANSFORMERS_VERBOSITY=info` for more details.
The following generation flags are not valid and may be ignored: ['temperature', 'top_p', 'top_k']. Set `TRANSFORMERS_VERBOSITY=info` for more details.
The following generation flags are not valid and may be ignored: ['temperature', 'top_p', 'top_k']. Set `TRANSFORMERS_VERBOSITY=info` for more details.
The following generation flags are not valid and may be ignored: ['temperature', 'top_p', 'top_k']. Set `TRANSFORMERS_VERBOSITY=info` for more details.
The following generation flags are not valid and may be ignored: ['temperature', 'top_p', 'top_k']. Set `TRANSFORMERS_VERBOSITY=info` for more details.
The following generation flags are not valid and may be ignored: ['temperature', 'top_p', 'top_k']. Set `TRANSFORMERS_VERBOSITY=info` for more details.
The following generation flags are not valid and may be ignored: ['temperature', 'top_p', 'top_k']. Set `TRANSFORMERS_VERBOSITY=info` for more details.
The following generation flags are not valid and may be ignored: ['temperature', 'top_p', 'top_k']. Set `TRANSFORMERS_VERBOSITY=info` for more details.
The following generation flags are not valid and may be ignored: ['temperature', 'top_p', 'top_k']. Set `TRANSFORMERS_VERBOSITY=info` for more details.
The following generation flags are not valid and may be ignored: ['temperature', 'top_p', 'top_k']. Set `TRANSFORMERS_VERBOSITY=info` for more details.
The following generation flags are not valid and may be ignored: ['temperature', 'top_p', 'top_k']. Set `TRANSFORMERS_VERBOSITY=info` for more details.
The following generation flags are not valid and may be ignored: ['temperature', 'top_p', 'top_k']. Set `TRANSFORMERS_VERBOSITY=info` for more details.
The following generation flags are not valid and may be ignored: ['temperature', 'top_p', 'top_k']. Set `TRANSFORMERS_VERBOSITY=info` for more details.
The following generation flags are not valid and may be ignored: ['temperature', 'top_p', 'top_k']. Set `TRANSFORMERS_VERBOSITY=info` for more details.
The following generation flags are not valid and may be ignored: ['temperature', 'top_p', 'top_k']. Set `TRANSFORMERS_VERBOSITY=info` for more details.
The following generation flags are not valid and may be ignored: ['temperature', 'top_p', 'top_k']. Set `TRANSFORMERS_VERBOSITY=info` for more details.
The following generation flags are not valid and may be ignored: ['temperature', 'top_p', 'top_k']. Set `TRANSFORMERS_VERBOSITY=info` for more details.
The following generation flags are not valid and may be ignored: ['temperature', 'top_p', 'top_k']. Set `TRANSFORMERS_VERBOSITY=info` for more details.
The following generation flags are not valid and may be ignored: ['temperature', 'top_p', 'top_k']. Set `TRANSFORMERS_VERBOSITY=info` for more details.
The following generation flags are not valid and may be ignored: ['temperature', 'top_p', 'top_k']. Set `TRANSFORMERS_VERBOSITY=info` for more details.
The following generation flags are not valid and may be ignored: ['temperature', 'top_p', 'top_k']. Set `TRANSFORMERS_VERBOSITY=info` for more details.
The following generation flags are not valid and may be ignored: ['temperature', 'top_p', 'top_k']. Set `TRANSFORMERS_VERBOSITY=info` for more details.
The following generation flags are not valid and may be ignored: ['temperature', 'top_p', 'top_k']. Set `TRANSFORMERS_VERBOSITY=info` for more details.
The following generation flags are not valid and may be ignored: ['temperature', 'top_p', 'top_k']. Set `TRANSFORMERS_VERBOSITY=info` for more details.
The following generation flags are not valid and may be ignored: ['temperature', 'top_p', 'top_k']. Set `TRANSFORMERS_VERBOSITY=info` for more details.
The following generation flags are not valid and may be ignored: ['temperature', 'top_p', 'top_k']. Set `TRANSFORMERS_VERBOSITY=info` for more details.
The following generation flags are not valid and may be ignored: ['temperature', 'top_p', 'top_k']. Set `TRANSFORMERS_VERBOSITY=info` for more details.
The following generation flags are not valid and may be ignored: ['temperature', 'top_p', 'top_k']. Set `TRANSFORMERS_VERBOSITY=info` for more details.
The following generation flags are not valid and may be ignored: ['temperature', 'top_p', 'top_k']. Set `TRANSFORMERS_VERBOSITY=info` for more details.
The following generation flags are not valid and may be ignored: ['temperature', 'top_p', 'top_k']. Set `TRANSFORMERS_VERBOSITY=info` for more details.
The following generation flags are not valid and may be ignored: ['temperature', 'top_p', 'top_k']. Set `TRANSFORMERS_VERBOSITY=info` for more details.
The following generation flags are not valid and may be ignored: ['temperature', 'top_p', 'top_k']. Set `TRANSFORMERS_VERBOSITY=info` for more details.
The following generation flags are not valid and may be ignored: ['temperature', 'top_p', 'top_k']. Set `TRANSFORMERS_VERBOSITY=info` for more details.
The following generation flags are not valid and may be ignored: ['temperature', 'top_p', 'top_k']. Set `TRANSFORMERS_VERBOSITY=info` for more details.
The following generation flags are not valid and may be ignored: ['temperature', 'top_p', 'top_k']. Set `TRANSFORMERS_VERBOSITY=info` for more details.
The following generation flags are not valid and may be ignored: ['temperature', 'top_p', 'top_k']. Set `TRANSFORMERS_VERBOSITY=info` for more details.
The following generation flags are not valid and may be ignored: ['temperature', 'top_p', 'top_k']. Set `TRANSFORMERS_VERBOSITY=info` for more details.
The following generation flags are not valid and may be ignored: ['temperature', 'top_p', 'top_k']. Set `TRANSFORMERS_VERBOSITY=info` for more details.
The following generation flags are not valid and may be ignored: ['temperature', 'top_p', 'top_k']. Set `TRANSFORMERS_VERBOSITY=info` for more details.
The following generation flags are not valid and may be ignored: ['temperature', 'top_p', 'top_k']. Set `TRANSFORMERS_VERBOSITY=info` for more details.
The following generation flags are not valid and may be ignored: ['temperature', 'top_p', 'top_k']. Set `TRANSFORMERS_VERBOSITY=info` for more details.
The following generation flags are not valid and may be ignored: ['temperature', 'top_p', 'top_k']. Set `TRANSFORMERS_VERBOSITY=info` for more details.
The following generation flags are not valid and may be ignored: ['temperature', 'top_p', 'top_k']. Set `TRANSFORMERS_VERBOSITY=info` for more details.
The following generation flags are not valid and may be ignored: ['temperature', 'top_p', 'top_k']. Set `TRANSFORMERS_VERBOSITY=info` for more details.
The following generation flags are not valid and may be ignored: ['temperature', 'top_p', 'top_k']. Set `TRANSFORMERS_VERBOSITY=info` for more details.
The following generation flags are not valid and may be ignored: ['temperature', 'top_p', 'top_k']. Set `TRANSFORMERS_VERBOSITY=info` for more details.
The following generation flags are not valid and may be ignored: ['temperature', 'top_p', 'top_k']. Set `TRANSFORMERS_VERBOSITY=info` for more details.
The following generation flags are not valid and may be ignored: ['temperature', 'top_p', 'top_k']. Set `TRANSFORMERS_VERBOSITY=info` for more details.
The following generation flags are not valid and may be ignored: ['temperature', 'top_p', 'top_k']. Set `TRANSFORMERS_VERBOSITY=info` for more details.
The following generation flags are not valid and may be ignored: ['temperature', 'top_p', 'top_k']. Set `TRANSFORMERS_VERBOSITY=info` for more details.
The following generation flags are not valid and may be ignored: ['temperature', 'top_p', 'top_k']. Set `TRANSFORMERS_VERBOSITY=info` for more details.
The following generation flags are not valid and may be ignored: ['temperature', 'top_p', 'top_k']. Set `TRANSFORMERS_VERBOSITY=info` for more details.

[Self-Distill][train_sft] batches=159 prompts_processed=10176/207865 pairs_written=10176 global_pairs=10176
[Self-Distill][train_sft] batches=160 prompts_processed=10240/207865 pairs_written=10240 global_pairs=10240
[Self-Distill][train_sft] batches=161 prompts_processed=10304/207865 pairs_written=10304 global_pairs=10304
[Self-Distill][train_sft] batches=162 prompts_processed=10368/207865 pairs_written=10368 global_pairs=10368
[Self-Distill][train_sft] batches=163 prompts_processed=10432/207865 pairs_written=10432 global_pairs=10432
[Self-Distill][train_sft] batches=164 prompts_processed=10496/207865 pairs_written=10496 global_pairs=10496
[Self-Distill][train_sft] batches=165 prompts_processed=10560/207865 pairs_written=10560 global_pairs=10560
[Self-Distill][train_sft] batches=166 prompts_processed=10624/207865 pairs_written=10624 global_pairs=10624
[Self-Distill][train_sft] batches=167 prompts_processed=10688/207865 pairs_written=10688 global_pairs=10688
[Self-Distill][train_sft] batches=168 prompts_processed=10752/207865 pairs_written=10752 global_pairs=10752
[Self-Distill][train_sft] batches=169 prompts_processed=10816/207865 pairs_written=10816 global_pairs=10816
[Self-Distill][train_sft] batches=170 prompts_processed=10880/207865 pairs_written=10880 global_pairs=10880
[Self-Distill][train_sft] batches=171 prompts_processed=10944/207865 pairs_written=10944 global_pairs=10944
[Self-Distill][train_sft] batches=172 prompts_processed=11008/207865 pairs_written=11008 global_pairs=11008
[Self-Distill][train_sft] batches=173 prompts_processed=11072/207865 pairs_written=11072 global_pairs=11072
[Self-Distill][train_sft] batches=174 prompts_processed=11136/207865 pairs_written=11136 global_pairs=11136
[Self-Distill][train_sft] batches=175 prompts_processed=11200/207865 pairs_written=11200 global_pairs=11200
[Self-Distill][train_sft] batches=176 prompts_processed=11264/207865 pairs_written=11264 global_pairs=11264
[Self-Distill][train_sft] batches=177 prompts_processed=11328/207865 pairs_written=11328 global_pairs=11328
[Self-Distill][train_sft] batches=178 prompts_processed=11392/207865 pairs_written=11392 global_pairs=11392
[Self-Distill][train_sft] batches=179 prompts_processed=11456/207865 pairs_written=11456 global_pairs=11456
[Self-Distill][train_sft] batches=180 prompts_processed=11520/207865 pairs_written=11520 global_pairs=11520
[Self-Distill][train_sft] batches=181 prompts_processed=11584/207865 pairs_written=11584 global_pairs=11584
[Self-Distill][train_sft] batches=182 prompts_processed=11648/207865 pairs_written=11648 global_pairs=11648
[Self-Distill][train_sft] batches=183 prompts_processed=11712/207865 pairs_written=11712 global_pairs=11712
[Self-Distill][train_sft] batches=184 prompts_processed=11776/207865 pairs_written=11776 global_pairs=11776
[Self-Distill][train_sft] batches=185 prompts_processed=11840/207865 pairs_written=11840 global_pairs=11840
[Self-Distill][train_sft] batches=186 prompts_processed=11904/207865 pairs_written=11904 global_pairs=11904
[Self-Distill][train_sft] batches=187 prompts_processed=11968/207865 pairs_written=11968 global_pairs=11968
[Self-Distill][train_sft] batches=188 prompts_processed=12032/207865 pairs_written=12032 global_pairs=12032
[Self-Distill][train_sft] batches=189 prompts_processed=12096/207865 pairs_written=12096 global_pairs=12096
[Self-Distill][train_sft] batches=190 prompts_processed=12160/207865 pairs_written=12160 global_pairs=12160
[Self-Distill][train_sft] batches=191 prompts_processed=12224/207865 pairs_written=12224 global_pairs=12224
[Self-Distill][train_sft] batches=192 prompts_processed=12288/207865 pairs_written=12288 global_pairs=12288
[Self-Distill][train_sft] batches=193 prompts_processed=12352/207865 pairs_written=12352 global_pairs=12352
[Self-Distill][train_sft] batches=194 prompts_processed=12416/207865 pairs_written=12416 global_pairs=12416
[Self-Distill][train_sft] batches=195 prompts_processed=12480/207865 pairs_written=12480 global_pairs=12480
[Self-Distill][train_sft] batches=196 prompts_processed=12544/207865 pairs_written=12544 global_pairs=12544
[Self-Distill][train_sft] batches=197 prompts_processed=12608/207865 pairs_written=12608 global_pairs=12608
[Self-Distill][train_sft] batches=198 prompts_processed=12672/207865 pairs_written=12672 global_pairs=12672
[Self-Distill][train_sft] batches=199 prompts_processed=12736/207865 pairs_written=12736 global_pairs=12736
[Self-Distill][train_sft] batches=200 prompts_processed=12800/207865 pairs_written=12800 global_pairs=12800
[Self-Distill][train_sft] batches=201 prompts_processed=12864/207865 pairs_written=12864 global_pairs=12864
[Self-Distill][train_sft] batches=202 prompts_processed=12928/207865 pairs_written=12928 global_pairs=12928
[Self-Distill][train_sft] batches=203 prompts_processed=12992/207865 pairs_written=12992 global_pairs=12992
[Self-Distill][train_sft] batches=204 prompts_processed=13056/207865 pairs_written=13056 global_pairs=13056
[Self-Distill][train_sft] batches=205 prompts_processed=13120/207865 pairs_written=13120 global_pairs=13120
[Self-Distill][train_sft] batches=206 prompts_processed=13184/207865 pairs_written=13184 global_pairs=13184
[Self-Distill][train_sft] batches=207 prompts_processed=13248/207865 pairs_written=13248 global_pairs=13248
[Self-Distill][train_sft] batches=208 prompts_processed=13312/207865 pairs_written=13312 global_pairs=13312
[Self-Distill][train_sft] batches=209 prompts_processed=13376/207865 pairs_written=13376 global_pairs=13376
[Self-Distill][train_sft] batches=210 prompts_processed=13440/207865 pairs_written=13440 global_pairs=13440
[Self-Distill][train_sft] batches=211 prompts_processed=13504/207865 pairs_written=13504 global_pairs=13504
[Self-Distill][train_sft] batches=212 prompts_processed=13568/207865 pairs_written=13568 global_pairs=13568
[Self-Distill][train_sft] batches=213 prompts_processed=13632/207865 pairs_written=13632 global_pairs=13632
[Self-Distill][train_sft] batches=214 prompts_processed=13696/207865 pairs_written=13696 global_pairs=13696
[Self-Distill][train_sft] batches=215 prompts_processed=13760/207865 pairs_written=13760 global_pairs=13760
[Self-Distill][train_sft] batches=216 prompts_processed=13824/207865 pairs_written=13824 global_pairs=13824
[Self-Distill][train_sft] batches=217 prompts_processed=13888/207865 pairs_written=13888 global_pairs=13888
[Self-Distill][train_sft] batches=218 prompts_processed=13952/207865 pairs_written=13952 global_pairs=13952
[Self-Distill][train_sft] batches=219 prompts_processed=14016/207865 pairs_written=14016 global_pairs=14016
[Self-Distill][train_sft] batches=220 prompts_processed=14080/207865 pairs_written=14080 global_pairs=14080
[Self-Distill][train_sft] batches=221 prompts_processed=14144/207865 pairs_written=14144 global_pairs=14144
[Self-Distill][train_sft] batches=222 prompts_processed=14208/207865 pairs_written=14208 global_pairs=14208
[Self-Distill][train_sft] batches=223 prompts_processed=14272/207865 pairs_written=14272 global_pairs=14272
[Self-Distill][train_sft] batches=224 prompts_processed=14336/207865 pairs_written=14336 global_pairs=14336
[Self-Distill][train_sft] batches=225 prompts_processed=14400/207865 pairs_written=14400 global_pairs=14400
[Self-Distill][train_sft] batches=226 prompts_processed=14464/207865 pairs_written=14464 global_pairs=14464
[Self-Distill][train_sft] batches=227 prompts_processed=14528/207865 pairs_written=14528 global_pairs=14528
[Self-Distill][train_sft] batches=228 prompts_processed=14592/207865 pairs_written=14592 global_pairs=14592
[Self-Distill][train_sft] batches=229 prompts_processed=14656/207865 pairs_written=14656 global_pairs=14656
[Self-Distill][train_sft] batches=230 prompts_processed=14720/207865 pairs_written=14720 global_pairs=14720
[Self-Distill][train_sft] batches=231 prompts_processed=14784/207865 pairs_written=14784 global_pairs=14784
[Self-Distill][train_sft] batches=232 prompts_processed=14848/207865 pairs_written=14848 global_pairs=14848
[Self-Distill][train_sft] batches=233 prompts_processed=14912/207865 pairs_written=14912 global_pairs=14912
[Self-Distill][train_sft] batches=234 prompts_processed=14976/207865 pairs_written=14976 global_pairs=14976The following generation flags are not valid and may be ignored: ['temperature', 'top_p', 'top_k']. Set `TRANSFORMERS_VERBOSITY=info` for more details.
The following generation flags are not valid and may be ignored: ['temperature', 'top_p', 'top_k']. Set `TRANSFORMERS_VERBOSITY=info` for more details.
The following generation flags are not valid and may be ignored: ['temperature', 'top_p', 'top_k']. Set `TRANSFORMERS_VERBOSITY=info` for more details.
The following generation flags are not valid and may be ignored: ['temperature', 'top_p', 'top_k']. Set `TRANSFORMERS_VERBOSITY=info` for more details.
The following generation flags are not valid and may be ignored: ['temperature', 'top_p', 'top_k']. Set `TRANSFORMERS_VERBOSITY=info` for more details.
The following generation flags are not valid and may be ignored: ['temperature', 'top_p', 'top_k']. Set `TRANSFORMERS_VERBOSITY=info` for more details.
The following generation flags are not valid and may be ignored: ['temperature', 'top_p', 'top_k']. Set `TRANSFORMERS_VERBOSITY=info` for more details.
The following generation flags are not valid and may be ignored: ['temperature', 'top_p', 'top_k']. Set `TRANSFORMERS_VERBOSITY=info` for more details.
The following generation flags are not valid and may be ignored: ['temperature', 'top_p', 'top_k']. Set `TRANSFORMERS_VERBOSITY=info` for more details.
The following generation flags are not valid and may be ignored: ['temperature', 'top_p', 'top_k']. Set `TRANSFORMERS_VERBOSITY=info` for more details.
The following generation flags are not valid and may be ignored: ['temperature', 'top_p', 'top_k']. Set `TRANSFORMERS_VERBOSITY=info` for more details.
The following generation flags are not valid and may be ignored: ['temperature', 'top_p', 'top_k']. Set `TRANSFORMERS_VERBOSITY=info` for more details.
The following generation flags are not valid and may be ignored: ['temperature', 'top_p', 'top_k']. Set `TRANSFORMERS_VERBOSITY=info` for more details.
The following generation flags are not valid and may be ignored: ['temperature', 'top_p', 'top_k']. Set `TRANSFORMERS_VERBOSITY=info` for more details.
The following generation flags are not valid and may be ignored: ['temperature', 'top_p', 'top_k']. Set `TRANSFORMERS_VERBOSITY=info` for more details.
The following generation flags are not valid and may be ignored: ['temperature', 'top_p', 'top_k']. Set `TRANSFORMERS_VERBOSITY=info` for more details.
The following generation flags are not valid and may be ignored: ['temperature', 'top_p', 'top_k']. Set `TRANSFORMERS_VERBOSITY=info` for more details.
The following generation flags are not valid and may be ignored: ['temperature', 'top_p', 'top_k']. Set `TRANSFORMERS_VERBOSITY=info` for more details.
The following generation flags are not valid and may be ignored: ['temperature', 'top_p', 'top_k']. Set `TRANSFORMERS_VERBOSITY=info` for more details.
The following generation flags are not valid and may be ignored: ['temperature', 'top_p', 'top_k']. Set `TRANSFORMERS_VERBOSITY=info` for more details.
The following generation flags are not valid and may be ignored: ['temperature', 'top_p', 'top_k']. Set `TRANSFORMERS_VERBOSITY=info` for more details.
The following generation flags are not valid and may be ignored: ['temperature', 'top_p', 'top_k']. Set `TRANSFORMERS_VERBOSITY=info` for more details.
The following generation flags are not valid and may be ignored: ['temperature', 'top_p', 'top_k']. Set `TRANSFORMERS_VERBOSITY=info` for more details.
The following generation flags are not valid and may be ignored: ['temperature', 'top_p', 'top_k']. Set `TRANSFORMERS_VERBOSITY=info` for more details.
The following generation flags are not valid and may be ignored: ['temperature', 'top_p', 'top_k']. Set `TRANSFORMERS_VERBOSITY=info` for more details.
The following generation flags are not valid and may be ignored: ['temperature', 'top_p', 'top_k']. Set `TRANSFORMERS_VERBOSITY=info` for more details.
The following generation flags are not valid and may be ignored: ['temperature', 'top_p', 'top_k']. Set `TRANSFORMERS_VERBOSITY=info` for more details.
The following generation flags are not valid and may be ignored: ['temperature', 'top_p', 'top_k']. Set `TRANSFORMERS_VERBOSITY=info` for more details.
The following generation flags are not valid and may be ignored: ['temperature', 'top_p', 'top_k']. Set `TRANSFORMERS_VERBOSITY=info` for more details.
The following generation flags are not valid and may be ignored: ['temperature', 'top_p', 'top_k']. Set `TRANSFORMERS_VERBOSITY=info` for more details.
The following generation flags are not valid and may be ignored: ['temperature', 'top_p', 'top_k']. Set `TRANSFORMERS_VERBOSITY=info` for more details.
The following generation flags are not valid and may be ignored: ['temperature', 'top_p', 'top_k']. Set `TRANSFORMERS_VERBOSITY=info` for more details.
The following generation flags are not valid and may be ignored: ['temperature', 'top_p', 'top_k']. Set `TRANSFORMERS_VERBOSITY=info` for more details.
The following generation flags are not valid and may be ignored: ['temperature', 'top_p', 'top_k']. Set `TRANSFORMERS_VERBOSITY=info` for more details.
The following generation flags are not valid and may be ignored: ['temperature', 'top_p', 'top_k']. Set `TRANSFORMERS_VERBOSITY=info` for more details.
The following generation flags are not valid and may be ignored: ['temperature', 'top_p', 'top_k']. Set `TRANSFORMERS_VERBOSITY=info` for more details.
The following generation flags are not valid and may be ignored: ['temperature', 'top_p', 'top_k']. Set `TRANSFORMERS_VERBOSITY=info` for more details.
The following generation flags are not valid and may be ignored: ['temperature', 'top_p', 'top_k']. Set `TRANSFORMERS_VERBOSITY=info` for more details.
The following generation flags are not valid and may be ignored: ['temperature', 'top_p', 'top_k']. Set `TRANSFORMERS_VERBOSITY=info` for more details.
The following generation flags are not valid and may be ignored: ['temperature', 'top_p', 'top_k']. Set `TRANSFORMERS_VERBOSITY=info` for more details.
The following generation flags are not valid and may be ignored: ['temperature', 'top_p', 'top_k']. Set `TRANSFORMERS_VERBOSITY=info` for more details.
The following generation flags are not valid and may be ignored: ['temperature', 'top_p', 'top_k']. Set `TRANSFORMERS_VERBOSITY=info` for more details.
The following generation flags are not valid and may be ignored: ['temperature', 'top_p', 'top_k']. Set `TRANSFORMERS_VERBOSITY=info` for more details.
The following generation flags are not valid and may be ignored: ['temperature', 'top_p', 'top_k']. Set `TRANSFORMERS_VERBOSITY=info` for more details.
The following generation flags are not valid and may be ignored: ['temperature', 'top_p', 'top_k']. Set `TRANSFORMERS_VERBOSITY=info` for more details.
The following generation flags are not valid and may be ignored: ['temperature', 'top_p', 'top_k']. Set `TRANSFORMERS_VERBOSITY=info` for more details.
The following generation flags are not valid and may be ignored: ['temperature', 'top_p', 'top_k']. Set `TRANSFORMERS_VERBOSITY=info` for more details.
The following generation flags are not valid and may be ignored: ['temperature', 'top_p', 'top_k']. Set `TRANSFORMERS_VERBOSITY=info` for more details.
The following generation flags are not valid and may be ignored: ['temperature', 'top_p', 'top_k']. Set `TRANSFORMERS_VERBOSITY=info` for more details.
The following generation flags are not valid and may be ignored: ['temperature', 'top_p', 'top_k']. Set `TRANSFORMERS_VERBOSITY=info` for more details.
The following generation flags are not valid and may be ignored: ['temperature', 'top_p', 'top_k']. Set `TRANSFORMERS_VERBOSITY=info` for more details.
The following generation flags are not valid and may be ignored: ['temperature', 'top_p', 'top_k']. Set `TRANSFORMERS_VERBOSITY=info` for more details.
The following generation flags are not valid and may be ignored: ['temperature', 'top_p', 'top_k']. Set `TRANSFORMERS_VERBOSITY=info` for more details.
The following generation flags are not valid and may be ignored: ['temperature', 'top_p', 'top_k']. Set `TRANSFORMERS_VERBOSITY=info` for more details.
The following generation flags are not valid and may be ignored: ['temperature', 'top_p', 'top_k']. Set `TRANSFORMERS_VERBOSITY=info` for more details.
The following generation flags are not valid and may be ignored: ['temperature', 'top_p', 'top_k']. Set `TRANSFORMERS_VERBOSITY=info` for more details.
The following generation flags are not valid and may be ignored: ['temperature', 'top_p', 'top_k']. Set `TRANSFORMERS_VERBOSITY=info` for more details.
The following generation flags are not valid and may be ignored: ['temperature', 'top_p', 'top_k']. Set `TRANSFORMERS_VERBOSITY=info` for more details.
The following generation flags are not valid and may be ignored: ['temperature', 'top_p', 'top_k']. Set `TRANSFORMERS_VERBOSITY=info` for more details.
The following generation flags are not valid and may be ignored: ['temperature', 'top_p', 'top_k']. Set `TRANSFORMERS_VERBOSITY=info` for more details.
The following generation flags are not valid and may be ignored: ['temperature', 'top_p', 'top_k']. Set `TRANSFORMERS_VERBOSITY=info` for more details.
The following generation flags are not valid and may be ignored: ['temperature', 'top_p', 'top_k']. Set `TRANSFORMERS_VERBOSITY=info` for more details.
The following generation flags are not valid and may be ignored: ['temperature', 'top_p', 'top_k']. Set `TRANSFORMERS_VERBOSITY=info` for more details.
The following generation flags are not valid and may be ignored: ['temperature', 'top_p', 'top_k']. Set `TRANSFORMERS_VERBOSITY=info` for more details.
The following generation flags are not valid and may be ignored: ['temperature', 'top_p', 'top_k']. Set `TRANSFORMERS_VERBOSITY=info` for more details.
The following generation flags are not valid and may be ignored: ['temperature', 'top_p', 'top_k']. Set `TRANSFORMERS_VERBOSITY=info` for more details.
The following generation flags are not valid and may be ignored: ['temperature', 'top_p', 'top_k']. Set `TRANSFORMERS_VERBOSITY=info` for more details.
The following generation flags are not valid and may be ignored: ['temperature', 'top_p', 'top_k']. Set `TRANSFORMERS_VERBOSITY=info` for more details.
The following generation flags are not valid and may be ignored: ['temperature', 'top_p', 'top_k']. Set `TRANSFORMERS_VERBOSITY=info` for more details.
The following generation flags are not valid and may be ignored: ['temperature', 'top_p', 'top_k']. Set `TRANSFORMERS_VERBOSITY=info` for more details.
The following generation flags are not valid and may be ignored: ['temperature', 'top_p', 'top_k']. Set `TRANSFORMERS_VERBOSITY=info` for more details.
The following generation flags are not valid and may be ignored: ['temperature', 'top_p', 'top_k']. Set `TRANSFORMERS_VERBOSITY=info` for more details.
The following generation flags are not valid and may be ignored: ['temperature', 'top_p', 'top_k']. Set `TRANSFORMERS_VERBOSITY=info` for more details.
The following generation flags are not valid and may be ignored: ['temperature', 'top_p', 'top_k']. Set `TRANSFORMERS_VERBOSITY=info` for more details.
The following generation flags are not valid and may be ignored: ['temperature', 'top_p', 'top_k']. Set `TRANSFORMERS_VERBOSITY=info` for more details.
The following generation flags are not valid and may be ignored: ['temperature', 'top_p', 'top_k']. Set `TRANSFORMERS_VERBOSITY=info` for more details.

[Self-Distill][train_sft] batches=235 prompts_processed=15040/207865 pairs_written=15040 global_pairs=15040
[Self-Distill][train_sft] batches=236 prompts_processed=15104/207865 pairs_written=15104 global_pairs=15104
[Self-Distill][train_sft] batches=237 prompts_processed=15168/207865 pairs_written=15168 global_pairs=15168
[Self-Distill][train_sft] batches=238 prompts_processed=15232/207865 pairs_written=15232 global_pairs=15232
[Self-Distill][train_sft] batches=239 prompts_processed=15296/207865 pairs_written=15296 global_pairs=15296
[Self-Distill][train_sft] batches=240 prompts_processed=15360/207865 pairs_written=15360 global_pairs=15360
[Self-Distill][train_sft] batches=241 prompts_processed=15424/207865 pairs_written=15424 global_pairs=15424
[Self-Distill][train_sft] batches=242 prompts_processed=15488/207865 pairs_written=15488 global_pairs=15488
[Self-Distill][train_sft] batches=243 prompts_processed=15552/207865 pairs_written=15552 global_pairs=15552
[Self-Distill][train_sft] batches=244 prompts_processed=15616/207865 pairs_written=15616 global_pairs=15616
[Self-Distill][train_sft] batches=245 prompts_processed=15680/207865 pairs_written=15680 global_pairs=15680
[Self-Distill][train_sft] batches=246 prompts_processed=15744/207865 pairs_written=15744 global_pairs=15744
[Self-Distill][train_sft] batches=247 prompts_processed=15808/207865 pairs_written=15808 global_pairs=15808
[Self-Distill][train_sft] batches=248 prompts_processed=15872/207865 pairs_written=15872 global_pairs=15872
[Self-Distill][train_sft] batches=249 prompts_processed=15936/207865 pairs_written=15936 global_pairs=15936
[Self-Distill][train_sft] batches=250 prompts_processed=16000/207865 pairs_written=16000 global_pairs=16000
[Self-Distill][train_sft] batches=251 prompts_processed=16064/207865 pairs_written=16064 global_pairs=16064
[Self-Distill][train_sft] batches=252 prompts_processed=16128/207865 pairs_written=16128 global_pairs=16128
[Self-Distill][train_sft] batches=253 prompts_processed=16192/207865 pairs_written=16192 global_pairs=16192
[Self-Distill][train_sft] batches=254 prompts_processed=16256/207865 pairs_written=16256 global_pairs=16256
[Self-Distill][train_sft] batches=255 prompts_processed=16320/207865 pairs_written=16320 global_pairs=16320
[Self-Distill][train_sft] batches=256 prompts_processed=16384/207865 pairs_written=16384 global_pairs=16384
[Self-Distill][train_sft] batches=257 prompts_processed=16448/207865 pairs_written=16448 global_pairs=16448
[Self-Distill][train_sft] batches=258 prompts_processed=16512/207865 pairs_written=16512 global_pairs=16512
[Self-Distill][train_sft] batches=259 prompts_processed=16576/207865 pairs_written=16576 global_pairs=16576
[Self-Distill][train_sft] batches=260 prompts_processed=16640/207865 pairs_written=16640 global_pairs=16640
[Self-Distill][train_sft] batches=261 prompts_processed=16704/207865 pairs_written=16704 global_pairs=16704
[Self-Distill][train_sft] batches=262 prompts_processed=16768/207865 pairs_written=16768 global_pairs=16768
[Self-Distill][train_sft] batches=263 prompts_processed=16832/207865 pairs_written=16832 global_pairs=16832
[Self-Distill][train_sft] batches=264 prompts_processed=16896/207865 pairs_written=16896 global_pairs=16896
[Self-Distill][train_sft] batches=265 prompts_processed=16960/207865 pairs_written=16960 global_pairs=16960
[Self-Distill][train_sft] batches=266 prompts_processed=17024/207865 pairs_written=17024 global_pairs=17024
[Self-Distill][train_sft] batches=267 prompts_processed=17088/207865 pairs_written=17088 global_pairs=17088
[Self-Distill][train_sft] batches=268 prompts_processed=17152/207865 pairs_written=17152 global_pairs=17152
[Self-Distill][train_sft] batches=269 prompts_processed=17216/207865 pairs_written=17216 global_pairs=17216
[Self-Distill][train_sft] batches=270 prompts_processed=17280/207865 pairs_written=17280 global_pairs=17280
[Self-Distill][train_sft] batches=271 prompts_processed=17344/207865 pairs_written=17344 global_pairs=17344
[Self-Distill][train_sft] batches=272 prompts_processed=17408/207865 pairs_written=17408 global_pairs=17408
[Self-Distill][train_sft] batches=273 prompts_processed=17472/207865 pairs_written=17472 global_pairs=17472
[Self-Distill][train_sft] batches=274 prompts_processed=17536/207865 pairs_written=17536 global_pairs=17536
[Self-Distill][train_sft] batches=275 prompts_processed=17600/207865 pairs_written=17600 global_pairs=17600
[Self-Distill][train_sft] batches=276 prompts_processed=17664/207865 pairs_written=17664 global_pairs=17664
[Self-Distill][train_sft] batches=277 prompts_processed=17728/207865 pairs_written=17728 global_pairs=17728
[Self-Distill][train_sft] batches=278 prompts_processed=17792/207865 pairs_written=17792 global_pairs=17792
[Self-Distill][train_sft] batches=279 prompts_processed=17856/207865 pairs_written=17856 global_pairs=17856
[Self-Distill][train_sft] batches=280 prompts_processed=17920/207865 pairs_written=17920 global_pairs=17920
[Self-Distill][train_sft] batches=281 prompts_processed=17984/207865 pairs_written=17984 global_pairs=17984
[Self-Distill][train_sft] batches=282 prompts_processed=18048/207865 pairs_written=18048 global_pairs=18048
[Self-Distill][train_sft] batches=283 prompts_processed=18112/207865 pairs_written=18112 global_pairs=18112
[Self-Distill][train_sft] batches=284 prompts_processed=18176/207865 pairs_written=18176 global_pairs=18176
[Self-Distill][train_sft] batches=285 prompts_processed=18240/207865 pairs_written=18240 global_pairs=18240
[Self-Distill][train_sft] batches=286 prompts_processed=18304/207865 pairs_written=18304 global_pairs=18304
[Self-Distill][train_sft] batches=287 prompts_processed=18368/207865 pairs_written=18368 global_pairs=18368
[Self-Distill][train_sft] batches=288 prompts_processed=18432/207865 pairs_written=18432 global_pairs=18432
[Self-Distill][train_sft] batches=289 prompts_processed=18496/207865 pairs_written=18496 global_pairs=18496
[Self-Distill][train_sft] batches=290 prompts_processed=18560/207865 pairs_written=18560 global_pairs=18560
[Self-Distill][train_sft] batches=291 prompts_processed=18624/207865 pairs_written=18624 global_pairs=18624
[Self-Distill][train_sft] batches=292 prompts_processed=18688/207865 pairs_written=18688 global_pairs=18688
[Self-Distill][train_sft] batches=293 prompts_processed=18752/207865 pairs_written=18752 global_pairs=18752
[Self-Distill][train_sft] batches=294 prompts_processed=18816/207865 pairs_written=18816 global_pairs=18816
[Self-Distill][train_sft] batches=295 prompts_processed=18880/207865 pairs_written=18880 global_pairs=18880
[Self-Distill][train_sft] batches=296 prompts_processed=18944/207865 pairs_written=18944 global_pairs=18944
[Self-Distill][train_sft] batches=297 prompts_processed=19008/207865 pairs_written=19008 global_pairs=19008
[Self-Distill][train_sft] batches=298 prompts_processed=19072/207865 pairs_written=19072 global_pairs=19072
[Self-Distill][train_sft] batches=299 prompts_processed=19136/207865 pairs_written=19136 global_pairs=19136
[Self-Distill][train_sft] batches=300 prompts_processed=19200/207865 pairs_written=19200 global_pairs=19200
[Self-Distill][train_sft] batches=301 prompts_processed=19264/207865 pairs_written=19264 global_pairs=19264
[Self-Distill][train_sft] batches=302 prompts_processed=19328/207865 pairs_written=19328 global_pairs=19328
[Self-Distill][train_sft] batches=303 prompts_processed=19392/207865 pairs_written=19392 global_pairs=19392
[Self-Distill][train_sft] batches=304 prompts_processed=19456/207865 pairs_written=19456 global_pairs=19456
[Self-Distill][train_sft] batches=305 prompts_processed=19520/207865 pairs_written=19520 global_pairs=19520
[Self-Distill][train_sft] batches=306 prompts_processed=19584/207865 pairs_written=19584 global_pairs=19584
[Self-Distill][train_sft] batches=307 prompts_processed=19648/207865 pairs_written=19648 global_pairs=19648
[Self-Distill][train_sft] batches=308 prompts_processed=19712/207865 pairs_written=19712 global_pairs=19712
[Self-Distill][train_sft] batches=309 prompts_processed=19776/207865 pairs_written=19776 global_pairs=19776
[Self-Distill][train_sft] batches=310 prompts_processed=19840/207865 pairs_written=19840 global_pairs=19840The following generation flags are not valid and may be ignored: ['temperature', 'top_p', 'top_k']. Set `TRANSFORMERS_VERBOSITY=info` for more details.
The following generation flags are not valid and may be ignored: ['temperature', 'top_p', 'top_k']. Set `TRANSFORMERS_VERBOSITY=info` for more details.
The following generation flags are not valid and may be ignored: ['temperature', 'top_p', 'top_k']. Set `TRANSFORMERS_VERBOSITY=info` for more details.
The following generation flags are not valid and may be ignored: ['temperature', 'top_p', 'top_k']. Set `TRANSFORMERS_VERBOSITY=info` for more details.
The following generation flags are not valid and may be ignored: ['temperature', 'top_p', 'top_k']. Set `TRANSFORMERS_VERBOSITY=info` for more details.
The following generation flags are not valid and may be ignored: ['temperature', 'top_p', 'top_k']. Set `TRANSFORMERS_VERBOSITY=info` for more details.
The following generation flags are not valid and may be ignored: ['temperature', 'top_p', 'top_k']. Set `TRANSFORMERS_VERBOSITY=info` for more details.
The following generation flags are not valid and may be ignored: ['temperature', 'top_p', 'top_k']. Set `TRANSFORMERS_VERBOSITY=info` for more details.
The following generation flags are not valid and may be ignored: ['temperature', 'top_p', 'top_k']. Set `TRANSFORMERS_VERBOSITY=info` for more details.
The following generation flags are not valid and may be ignored: ['temperature', 'top_p', 'top_k']. Set `TRANSFORMERS_VERBOSITY=info` for more details.
The following generation flags are not valid and may be ignored: ['temperature', 'top_p', 'top_k']. Set `TRANSFORMERS_VERBOSITY=info` for more details.
The following generation flags are not valid and may be ignored: ['temperature', 'top_p', 'top_k']. Set `TRANSFORMERS_VERBOSITY=info` for more details.
The following generation flags are not valid and may be ignored: ['temperature', 'top_p', 'top_k']. Set `TRANSFORMERS_VERBOSITY=info` for more details.
The following generation flags are not valid and may be ignored: ['temperature', 'top_p', 'top_k']. Set `TRANSFORMERS_VERBOSITY=info` for more details.
The following generation flags are not valid and may be ignored: ['temperature', 'top_p', 'top_k']. Set `TRANSFORMERS_VERBOSITY=info` for more details.
The following generation flags are not valid and may be ignored: ['temperature', 'top_p', 'top_k']. Set `TRANSFORMERS_VERBOSITY=info` for more details.
The following generation flags are not valid and may be ignored: ['temperature', 'top_p', 'top_k']. Set `TRANSFORMERS_VERBOSITY=info` for more details.
The following generation flags are not valid and may be ignored: ['temperature', 'top_p', 'top_k']. Set `TRANSFORMERS_VERBOSITY=info` for more details.
The following generation flags are not valid and may be ignored: ['temperature', 'top_p', 'top_k']. Set `TRANSFORMERS_VERBOSITY=info` for more details.
The following generation flags are not valid and may be ignored: ['temperature', 'top_p', 'top_k']. Set `TRANSFORMERS_VERBOSITY=info` for more details.
The following generation flags are not valid and may be ignored: ['temperature', 'top_p', 'top_k']. Set `TRANSFORMERS_VERBOSITY=info` for more details.
The following generation flags are not valid and may be ignored: ['temperature', 'top_p', 'top_k']. Set `TRANSFORMERS_VERBOSITY=info` for more details.
The following generation flags are not valid and may be ignored: ['temperature', 'top_p', 'top_k']. Set `TRANSFORMERS_VERBOSITY=info` for more details.
The following generation flags are not valid and may be ignored: ['temperature', 'top_p', 'top_k']. Set `TRANSFORMERS_VERBOSITY=info` for more details.
The following generation flags are not valid and may be ignored: ['temperature', 'top_p', 'top_k']. Set `TRANSFORMERS_VERBOSITY=info` for more details.
The following generation flags are not valid and may be ignored: ['temperature', 'top_p', 'top_k']. Set `TRANSFORMERS_VERBOSITY=info` for more details.
The following generation flags are not valid and may be ignored: ['temperature', 'top_p', 'top_k']. Set `TRANSFORMERS_VERBOSITY=info` for more details.
The following generation flags are not valid and may be ignored: ['temperature', 'top_p', 'top_k']. Set `TRANSFORMERS_VERBOSITY=info` for more details.
The following generation flags are not valid and may be ignored: ['temperature', 'top_p', 'top_k']. Set `TRANSFORMERS_VERBOSITY=info` for more details.
The following generation flags are not valid and may be ignored: ['temperature', 'top_p', 'top_k']. Set `TRANSFORMERS_VERBOSITY=info` for more details.
The following generation flags are not valid and may be ignored: ['temperature', 'top_p', 'top_k']. Set `TRANSFORMERS_VERBOSITY=info` for more details.
The following generation flags are not valid and may be ignored: ['temperature', 'top_p', 'top_k']. Set `TRANSFORMERS_VERBOSITY=info` for more details.
The following generation flags are not valid and may be ignored: ['temperature', 'top_p', 'top_k']. Set `TRANSFORMERS_VERBOSITY=info` for more details.
The following generation flags are not valid and may be ignored: ['temperature', 'top_p', 'top_k']. Set `TRANSFORMERS_VERBOSITY=info` for more details.
The following generation flags are not valid and may be ignored: ['temperature', 'top_p', 'top_k']. Set `TRANSFORMERS_VERBOSITY=info` for more details.
The following generation flags are not valid and may be ignored: ['temperature', 'top_p', 'top_k']. Set `TRANSFORMERS_VERBOSITY=info` for more details.
The following generation flags are not valid and may be ignored: ['temperature', 'top_p', 'top_k']. Set `TRANSFORMERS_VERBOSITY=info` for more details.
The following generation flags are not valid and may be ignored: ['temperature', 'top_p', 'top_k']. Set `TRANSFORMERS_VERBOSITY=info` for more details.
The following generation flags are not valid and may be ignored: ['temperature', 'top_p', 'top_k']. Set `TRANSFORMERS_VERBOSITY=info` for more details.
The following generation flags are not valid and may be ignored: ['temperature', 'top_p', 'top_k']. Set `TRANSFORMERS_VERBOSITY=info` for more details.
The following generation flags are not valid and may be ignored: ['temperature', 'top_p', 'top_k']. Set `TRANSFORMERS_VERBOSITY=info` for more details.
The following generation flags are not valid and may be ignored: ['temperature', 'top_p', 'top_k']. Set `TRANSFORMERS_VERBOSITY=info` for more details.
The following generation flags are not valid and may be ignored: ['temperature', 'top_p', 'top_k']. Set `TRANSFORMERS_VERBOSITY=info` for more details.
The following generation flags are not valid and may be ignored: ['temperature', 'top_p', 'top_k']. Set `TRANSFORMERS_VERBOSITY=info` for more details.
The following generation flags are not valid and may be ignored: ['temperature', 'top_p', 'top_k']. Set `TRANSFORMERS_VERBOSITY=info` for more details.
The following generation flags are not valid and may be ignored: ['temperature', 'top_p', 'top_k']. Set `TRANSFORMERS_VERBOSITY=info` for more details.
The following generation flags are not valid and may be ignored: ['temperature', 'top_p', 'top_k']. Set `TRANSFORMERS_VERBOSITY=info` for more details.
The following generation flags are not valid and may be ignored: ['temperature', 'top_p', 'top_k']. Set `TRANSFORMERS_VERBOSITY=info` for more details.
The following generation flags are not valid and may be ignored: ['temperature', 'top_p', 'top_k']. Set `TRANSFORMERS_VERBOSITY=info` for more details.
The following generation flags are not valid and may be ignored: ['temperature', 'top_p', 'top_k']. Set `TRANSFORMERS_VERBOSITY=info` for more details.
The following generation flags are not valid and may be ignored: ['temperature', 'top_p', 'top_k']. Set `TRANSFORMERS_VERBOSITY=info` for more details.
The following generation flags are not valid and may be ignored: ['temperature', 'top_p', 'top_k']. Set `TRANSFORMERS_VERBOSITY=info` for more details.
The following generation flags are not valid and may be ignored: ['temperature', 'top_p', 'top_k']. Set `TRANSFORMERS_VERBOSITY=info` for more details.
The following generation flags are not valid and may be ignored: ['temperature', 'top_p', 'top_k']. Set `TRANSFORMERS_VERBOSITY=info` for more details.
The following generation flags are not valid and may be ignored: ['temperature', 'top_p', 'top_k']. Set `TRANSFORMERS_VERBOSITY=info` for more details.
The following generation flags are not valid and may be ignored: ['temperature', 'top_p', 'top_k']. Set `TRANSFORMERS_VERBOSITY=info` for more details.
The following generation flags are not valid and may be ignored: ['temperature', 'top_p', 'top_k']. Set `TRANSFORMERS_VERBOSITY=info` for more details.
The following generation flags are not valid and may be ignored: ['temperature', 'top_p', 'top_k']. Set `TRANSFORMERS_VERBOSITY=info` for more details.
The following generation flags are not valid and may be ignored: ['temperature', 'top_p', 'top_k']. Set `TRANSFORMERS_VERBOSITY=info` for more details.
The following generation flags are not valid and may be ignored: ['temperature', 'top_p', 'top_k']. Set `TRANSFORMERS_VERBOSITY=info` for more details.
The following generation flags are not valid and may be ignored: ['temperature', 'top_p', 'top_k']. Set `TRANSFORMERS_VERBOSITY=info` for more details.
The following generation flags are not valid and may be ignored: ['temperature', 'top_p', 'top_k']. Set `TRANSFORMERS_VERBOSITY=info` for more details.
The following generation flags are not valid and may be ignored: ['temperature', 'top_p', 'top_k']. Set `TRANSFORMERS_VERBOSITY=info` for more details.
The following generation flags are not valid and may be ignored: ['temperature', 'top_p', 'top_k']. Set `TRANSFORMERS_VERBOSITY=info` for more details.
The following generation flags are not valid and may be ignored: ['temperature', 'top_p', 'top_k']. Set `TRANSFORMERS_VERBOSITY=info` for more details.
The following generation flags are not valid and may be ignored: ['temperature', 'top_p', 'top_k']. Set `TRANSFORMERS_VERBOSITY=info` for more details.
The following generation flags are not valid and may be ignored: ['temperature', 'top_p', 'top_k']. Set `TRANSFORMERS_VERBOSITY=info` for more details.
The following generation flags are not valid and may be ignored: ['temperature', 'top_p', 'top_k']. Set `TRANSFORMERS_VERBOSITY=info` for more details.
The following generation flags are not valid and may be ignored: ['temperature', 'top_p', 'top_k']. Set `TRANSFORMERS_VERBOSITY=info` for more details.
The following generation flags are not valid and may be ignored: ['temperature', 'top_p', 'top_k']. Set `TRANSFORMERS_VERBOSITY=info` for more details.
The following generation flags are not valid and may be ignored: ['temperature', 'top_p', 'top_k']. Set `TRANSFORMERS_VERBOSITY=info` for more details.
The following generation flags are not valid and may be ignored: ['temperature', 'top_p', 'top_k']. Set `TRANSFORMERS_VERBOSITY=info` for more details.
The following generation flags are not valid and may be ignored: ['temperature', 'top_p', 'top_k']. Set `TRANSFORMERS_VERBOSITY=info` for more details.
The following generation flags are not valid and may be ignored: ['temperature', 'top_p', 'top_k']. Set `TRANSFORMERS_VERBOSITY=info` for more details.
The following generation flags are not valid and may be ignored: ['temperature', 'top_p', 'top_k']. Set `TRANSFORMERS_VERBOSITY=info` for more details.
The following generation flags are not valid and may be ignored: ['temperature', 'top_p', 'top_k']. Set `TRANSFORMERS_VERBOSITY=info` for more details.

[Self-Distill][train_sft] batches=311 prompts_processed=19904/207865 pairs_written=19904 global_pairs=19904
[Self-Distill][train_sft] batches=312 prompts_processed=19968/207865 pairs_written=19968 global_pairs=19968
[Self-Distill][train_sft] batches=313 prompts_processed=20032/207865 pairs_written=20032 global_pairs=20032
[Self-Distill][train_sft] batches=314 prompts_processed=20096/207865 pairs_written=20096 global_pairs=20096
[Self-Distill][train_sft] batches=315 prompts_processed=20160/207865 pairs_written=20160 global_pairs=20160
[Self-Distill][train_sft] batches=316 prompts_processed=20224/207865 pairs_written=20224 global_pairs=20224
[Self-Distill][train_sft] batches=317 prompts_processed=20288/207865 pairs_written=20288 global_pairs=20288
[Self-Distill][train_sft] batches=318 prompts_processed=20352/207865 pairs_written=20352 global_pairs=20352
[Self-Distill][train_sft] batches=319 prompts_processed=20416/207865 pairs_written=20416 global_pairs=20416
[Self-Distill][train_sft] batches=320 prompts_processed=20480/207865 pairs_written=20480 global_pairs=20480
[Self-Distill][train_sft] batches=321 prompts_processed=20544/207865 pairs_written=20544 global_pairs=20544
[Self-Distill][train_sft] batches=322 prompts_processed=20608/207865 pairs_written=20608 global_pairs=20608
[Self-Distill][train_sft] batches=323 prompts_processed=20672/207865 pairs_written=20672 global_pairs=20672
[Self-Distill][train_sft] batches=324 prompts_processed=20736/207865 pairs_written=20736 global_pairs=20736
[Self-Distill][train_sft] batches=325 prompts_processed=20800/207865 pairs_written=20800 global_pairs=20800
[Self-Distill][train_sft] batches=326 prompts_processed=20864/207865 pairs_written=20864 global_pairs=20864
[Self-Distill][train_sft] batches=327 prompts_processed=20928/207865 pairs_written=20928 global_pairs=20928
[Self-Distill][train_sft] batches=328 prompts_processed=20992/207865 pairs_written=20992 global_pairs=20992
[Self-Distill][train_sft] batches=329 prompts_processed=21056/207865 pairs_written=21056 global_pairs=21056
[Self-Distill][train_sft] batches=330 prompts_processed=21120/207865 pairs_written=21120 global_pairs=21120
[Self-Distill][train_sft] batches=331 prompts_processed=21184/207865 pairs_written=21184 global_pairs=21184
[Self-Distill][train_sft] batches=332 prompts_processed=21248/207865 pairs_written=21248 global_pairs=21248
[Self-Distill][train_sft] batches=333 prompts_processed=21312/207865 pairs_written=21312 global_pairs=21312
[Self-Distill][train_sft] batches=334 prompts_processed=21376/207865 pairs_written=21376 global_pairs=21376
[Self-Distill][train_sft] batches=335 prompts_processed=21440/207865 pairs_written=21440 global_pairs=21440
[Self-Distill][train_sft] batches=336 prompts_processed=21504/207865 pairs_written=21504 global_pairs=21504
[Self-Distill][train_sft] batches=337 prompts_processed=21568/207865 pairs_written=21568 global_pairs=21568
[Self-Distill][train_sft] batches=338 prompts_processed=21632/207865 pairs_written=21632 global_pairs=21632
[Self-Distill][train_sft] batches=339 prompts_processed=21696/207865 pairs_written=21696 global_pairs=21696
[Self-Distill][train_sft] batches=340 prompts_processed=21760/207865 pairs_written=21760 global_pairs=21760
[Self-Distill][train_sft] batches=341 prompts_processed=21824/207865 pairs_written=21824 global_pairs=21824
[Self-Distill][train_sft] batches=342 prompts_processed=21888/207865 pairs_written=21888 global_pairs=21888
[Self-Distill][train_sft] batches=343 prompts_processed=21952/207865 pairs_written=21952 global_pairs=21952
[Self-Distill][train_sft] batches=344 prompts_processed=22016/207865 pairs_written=22016 global_pairs=22016
[Self-Distill][train_sft] batches=345 prompts_processed=22080/207865 pairs_written=22080 global_pairs=22080
[Self-Distill][train_sft] batches=346 prompts_processed=22144/207865 pairs_written=22144 global_pairs=22144
[Self-Distill][train_sft] batches=347 prompts_processed=22208/207865 pairs_written=22208 global_pairs=22208
[Self-Distill][train_sft] batches=348 prompts_processed=22272/207865 pairs_written=22272 global_pairs=22272
[Self-Distill][train_sft] batches=349 prompts_processed=22336/207865 pairs_written=22336 global_pairs=22336
[Self-Distill][train_sft] batches=350 prompts_processed=22400/207865 pairs_written=22400 global_pairs=22400
[Self-Distill][train_sft] batches=351 prompts_processed=22464/207865 pairs_written=22464 global_pairs=22464
[Self-Distill][train_sft] batches=352 prompts_processed=22528/207865 pairs_written=22528 global_pairs=22528
[Self-Distill][train_sft] batches=353 prompts_processed=22592/207865 pairs_written=22592 global_pairs=22592
[Self-Distill][train_sft] batches=354 prompts_processed=22656/207865 pairs_written=22656 global_pairs=22656
[Self-Distill][train_sft] batches=355 prompts_processed=22720/207865 pairs_written=22720 global_pairs=22720
[Self-Distill][train_sft] batches=356 prompts_processed=22784/207865 pairs_written=22784 global_pairs=22784
[Self-Distill][train_sft] batches=357 prompts_processed=22848/207865 pairs_written=22848 global_pairs=22848
[Self-Distill][train_sft] batches=358 prompts_processed=22912/207865 pairs_written=22912 global_pairs=22912
[Self-Distill][train_sft] batches=359 prompts_processed=22976/207865 pairs_written=22976 global_pairs=22976
[Self-Distill][train_sft] batches=360 prompts_processed=23040/207865 pairs_written=23040 global_pairs=23040
[Self-Distill][train_sft] batches=361 prompts_processed=23104/207865 pairs_written=23104 global_pairs=23104
[Self-Distill][train_sft] batches=362 prompts_processed=23168/207865 pairs_written=23168 global_pairs=23168
[Self-Distill][train_sft] batches=363 prompts_processed=23232/207865 pairs_written=23232 global_pairs=23232
[Self-Distill][train_sft] batches=364 prompts_processed=23296/207865 pairs_written=23296 global_pairs=23296
[Self-Distill][train_sft] batches=365 prompts_processed=23360/207865 pairs_written=23360 global_pairs=23360
[Self-Distill][train_sft] batches=366 prompts_processed=23424/207865 pairs_written=23424 global_pairs=23424
[Self-Distill][train_sft] batches=367 prompts_processed=23488/207865 pairs_written=23488 global_pairs=23488
[Self-Distill][train_sft] batches=368 prompts_processed=23552/207865 pairs_written=23552 global_pairs=23552
[Self-Distill][train_sft] batches=369 prompts_processed=23616/207865 pairs_written=23616 global_pairs=23616
[Self-Distill][train_sft] batches=370 prompts_processed=23680/207865 pairs_written=23680 global_pairs=23680
[Self-Distill][train_sft] batches=371 prompts_processed=23744/207865 pairs_written=23744 global_pairs=23744
[Self-Distill][train_sft] batches=372 prompts_processed=23808/207865 pairs_written=23808 global_pairs=23808
[Self-Distill][train_sft] batches=373 prompts_processed=23872/207865 pairs_written=23872 global_pairs=23872
[Self-Distill][train_sft] batches=374 prompts_processed=23936/207865 pairs_written=23936 global_pairs=23936
[Self-Distill][train_sft] batches=375 prompts_processed=24000/207865 pairs_written=24000 global_pairs=24000
[Self-Distill][train_sft] batches=376 prompts_processed=24064/207865 pairs_written=24064 global_pairs=24064
[Self-Distill][train_sft] batches=377 prompts_processed=24128/207865 pairs_written=24128 global_pairs=24128
[Self-Distill][train_sft] batches=378 prompts_processed=24192/207865 pairs_written=24192 global_pairs=24192
[Self-Distill][train_sft] batches=379 prompts_processed=24256/207865 pairs_written=24256 global_pairs=24256
[Self-Distill][train_sft] batches=380 prompts_processed=24320/207865 pairs_written=24320 global_pairs=24320
[Self-Distill][train_sft] batches=381 prompts_processed=24384/207865 pairs_written=24384 global_pairs=24384
[Self-Distill][train_sft] batches=382 prompts_processed=24448/207865 pairs_written=24448 global_pairs=24448
[Self-Distill][train_sft] batches=383 prompts_processed=24512/207865 pairs_written=24512 global_pairs=24512
[Self-Distill][train_sft] batches=384 prompts_processed=24576/207865 pairs_written=24576 global_pairs=24576
[Self-Distill][train_sft] batches=385 prompts_processed=24640/207865 pairs_written=24640 global_pairs=24640
[Self-Distill][train_sft] batches=386 prompts_processed=24704/207865 pairs_written=24704 global_pairs=24704The following generation flags are not valid and may be ignored: ['temperature', 'top_p', 'top_k']. Set `TRANSFORMERS_VERBOSITY=info` for more details.
The following generation flags are not valid and may be ignored: ['temperature', 'top_p', 'top_k']. Set `TRANSFORMERS_VERBOSITY=info` for more details.
The following generation flags are not valid and may be ignored: ['temperature', 'top_p', 'top_k']. Set `TRANSFORMERS_VERBOSITY=info` for more details.
The following generation flags are not valid and may be ignored: ['temperature', 'top_p', 'top_k']. Set `TRANSFORMERS_VERBOSITY=info` for more details.
The following generation flags are not valid and may be ignored: ['temperature', 'top_p', 'top_k']. Set `TRANSFORMERS_VERBOSITY=info` for more details.
The following generation flags are not valid and may be ignored: ['temperature', 'top_p', 'top_k']. Set `TRANSFORMERS_VERBOSITY=info` for more details.
The following generation flags are not valid and may be ignored: ['temperature', 'top_p', 'top_k']. Set `TRANSFORMERS_VERBOSITY=info` for more details.
The following generation flags are not valid and may be ignored: ['temperature', 'top_p', 'top_k']. Set `TRANSFORMERS_VERBOSITY=info` for more details.
The following generation flags are not valid and may be ignored: ['temperature', 'top_p', 'top_k']. Set `TRANSFORMERS_VERBOSITY=info` for more details.
The following generation flags are not valid and may be ignored: ['temperature', 'top_p', 'top_k']. Set `TRANSFORMERS_VERBOSITY=info` for more details.
The following generation flags are not valid and may be ignored: ['temperature', 'top_p', 'top_k']. Set `TRANSFORMERS_VERBOSITY=info` for more details.
The following generation flags are not valid and may be ignored: ['temperature', 'top_p', 'top_k']. Set `TRANSFORMERS_VERBOSITY=info` for more details.
The following generation flags are not valid and may be ignored: ['temperature', 'top_p', 'top_k']. Set `TRANSFORMERS_VERBOSITY=info` for more details.
The following generation flags are not valid and may be ignored: ['temperature', 'top_p', 'top_k']. Set `TRANSFORMERS_VERBOSITY=info` for more details.
The following generation flags are not valid and may be ignored: ['temperature', 'top_p', 'top_k']. Set `TRANSFORMERS_VERBOSITY=info` for more details.
The following generation flags are not valid and may be ignored: ['temperature', 'top_p', 'top_k']. Set `TRANSFORMERS_VERBOSITY=info` for more details.
The following generation flags are not valid and may be ignored: ['temperature', 'top_p', 'top_k']. Set `TRANSFORMERS_VERBOSITY=info` for more details.
The following generation flags are not valid and may be ignored: ['temperature', 'top_p', 'top_k']. Set `TRANSFORMERS_VERBOSITY=info` for more details.
The following generation flags are not valid and may be ignored: ['temperature', 'top_p', 'top_k']. Set `TRANSFORMERS_VERBOSITY=info` for more details.
The following generation flags are not valid and may be ignored: ['temperature', 'top_p', 'top_k']. Set `TRANSFORMERS_VERBOSITY=info` for more details.
The following generation flags are not valid and may be ignored: ['temperature', 'top_p', 'top_k']. Set `TRANSFORMERS_VERBOSITY=info` for more details.
The following generation flags are not valid and may be ignored: ['temperature', 'top_p', 'top_k']. Set `TRANSFORMERS_VERBOSITY=info` for more details.
The following generation flags are not valid and may be ignored: ['temperature', 'top_p', 'top_k']. Set `TRANSFORMERS_VERBOSITY=info` for more details.
The following generation flags are not valid and may be ignored: ['temperature', 'top_p', 'top_k']. Set `TRANSFORMERS_VERBOSITY=info` for more details.
The following generation flags are not valid and may be ignored: ['temperature', 'top_p', 'top_k']. Set `TRANSFORMERS_VERBOSITY=info` for more details.
The following generation flags are not valid and may be ignored: ['temperature', 'top_p', 'top_k']. Set `TRANSFORMERS_VERBOSITY=info` for more details.
The following generation flags are not valid and may be ignored: ['temperature', 'top_p', 'top_k']. Set `TRANSFORMERS_VERBOSITY=info` for more details.
The following generation flags are not valid and may be ignored: ['temperature', 'top_p', 'top_k']. Set `TRANSFORMERS_VERBOSITY=info` for more details.
The following generation flags are not valid and may be ignored: ['temperature', 'top_p', 'top_k']. Set `TRANSFORMERS_VERBOSITY=info` for more details.
The following generation flags are not valid and may be ignored: ['temperature', 'top_p', 'top_k']. Set `TRANSFORMERS_VERBOSITY=info` for more details.
The following generation flags are not valid and may be ignored: ['temperature', 'top_p', 'top_k']. Set `TRANSFORMERS_VERBOSITY=info` for more details.
The following generation flags are not valid and may be ignored: ['temperature', 'top_p', 'top_k']. Set `TRANSFORMERS_VERBOSITY=info` for more details.
The following generation flags are not valid and may be ignored: ['temperature', 'top_p', 'top_k']. Set `TRANSFORMERS_VERBOSITY=info` for more details.
The following generation flags are not valid and may be ignored: ['temperature', 'top_p', 'top_k']. Set `TRANSFORMERS_VERBOSITY=info` for more details.
The following generation flags are not valid and may be ignored: ['temperature', 'top_p', 'top_k']. Set `TRANSFORMERS_VERBOSITY=info` for more details.
The following generation flags are not valid and may be ignored: ['temperature', 'top_p', 'top_k']. Set `TRANSFORMERS_VERBOSITY=info` for more details.
The following generation flags are not valid and may be ignored: ['temperature', 'top_p', 'top_k']. Set `TRANSFORMERS_VERBOSITY=info` for more details.
The following generation flags are not valid and may be ignored: ['temperature', 'top_p', 'top_k']. Set `TRANSFORMERS_VERBOSITY=info` for more details.
The following generation flags are not valid and may be ignored: ['temperature', 'top_p', 'top_k']. Set `TRANSFORMERS_VERBOSITY=info` for more details.
The following generation flags are not valid and may be ignored: ['temperature', 'top_p', 'top_k']. Set `TRANSFORMERS_VERBOSITY=info` for more details.
The following generation flags are not valid and may be ignored: ['temperature', 'top_p', 'top_k']. Set `TRANSFORMERS_VERBOSITY=info` for more details.
The following generation flags are not valid and may be ignored: ['temperature', 'top_p', 'top_k']. Set `TRANSFORMERS_VERBOSITY=info` for more details.
The following generation flags are not valid and may be ignored: ['temperature', 'top_p', 'top_k']. Set `TRANSFORMERS_VERBOSITY=info` for more details.
The following generation flags are not valid and may be ignored: ['temperature', 'top_p', 'top_k']. Set `TRANSFORMERS_VERBOSITY=info` for more details.
The following generation flags are not valid and may be ignored: ['temperature', 'top_p', 'top_k']. Set `TRANSFORMERS_VERBOSITY=info` for more details.
The following generation flags are not valid and may be ignored: ['temperature', 'top_p', 'top_k']. Set `TRANSFORMERS_VERBOSITY=info` for more details.
The following generation flags are not valid and may be ignored: ['temperature', 'top_p', 'top_k']. Set `TRANSFORMERS_VERBOSITY=info` for more details.
The following generation flags are not valid and may be ignored: ['temperature', 'top_p', 'top_k']. Set `TRANSFORMERS_VERBOSITY=info` for more details.
The following generation flags are not valid and may be ignored: ['temperature', 'top_p', 'top_k']. Set `TRANSFORMERS_VERBOSITY=info` for more details.
The following generation flags are not valid and may be ignored: ['temperature', 'top_p', 'top_k']. Set `TRANSFORMERS_VERBOSITY=info` for more details.
The following generation flags are not valid and may be ignored: ['temperature', 'top_p', 'top_k']. Set `TRANSFORMERS_VERBOSITY=info` for more details.
The following generation flags are not valid and may be ignored: ['temperature', 'top_p', 'top_k']. Set `TRANSFORMERS_VERBOSITY=info` for more details.
The following generation flags are not valid and may be ignored: ['temperature', 'top_p', 'top_k']. Set `TRANSFORMERS_VERBOSITY=info` for more details.
The following generation flags are not valid and may be ignored: ['temperature', 'top_p', 'top_k']. Set `TRANSFORMERS_VERBOSITY=info` for more details.
The following generation flags are not valid and may be ignored: ['temperature', 'top_p', 'top_k']. Set `TRANSFORMERS_VERBOSITY=info` for more details.
The following generation flags are not valid and may be ignored: ['temperature', 'top_p', 'top_k']. Set `TRANSFORMERS_VERBOSITY=info` for more details.
The following generation flags are not valid and may be ignored: ['temperature', 'top_p', 'top_k']. Set `TRANSFORMERS_VERBOSITY=info` for more details.
The following generation flags are not valid and may be ignored: ['temperature', 'top_p', 'top_k']. Set `TRANSFORMERS_VERBOSITY=info` for more details.
The following generation flags are not valid and may be ignored: ['temperature', 'top_p', 'top_k']. Set `TRANSFORMERS_VERBOSITY=info` for more details.
The following generation flags are not valid and may be ignored: ['temperature', 'top_p', 'top_k']. Set `TRANSFORMERS_VERBOSITY=info` for more details.
The following generation flags are not valid and may be ignored: ['temperature', 'top_p', 'top_k']. Set `TRANSFORMERS_VERBOSITY=info` for more details.
The following generation flags are not valid and may be ignored: ['temperature', 'top_p', 'top_k']. Set `TRANSFORMERS_VERBOSITY=info` for more details.
The following generation flags are not valid and may be ignored: ['temperature', 'top_p', 'top_k']. Set `TRANSFORMERS_VERBOSITY=info` for more details.
The following generation flags are not valid and may be ignored: ['temperature', 'top_p', 'top_k']. Set `TRANSFORMERS_VERBOSITY=info` for more details.
The following generation flags are not valid and may be ignored: ['temperature', 'top_p', 'top_k']. Set `TRANSFORMERS_VERBOSITY=info` for more details.
The following generation flags are not valid and may be ignored: ['temperature', 'top_p', 'top_k']. Set `TRANSFORMERS_VERBOSITY=info` for more details.
The following generation flags are not valid and may be ignored: ['temperature', 'top_p', 'top_k']. Set `TRANSFORMERS_VERBOSITY=info` for more details.
The following generation flags are not valid and may be ignored: ['temperature', 'top_p', 'top_k']. Set `TRANSFORMERS_VERBOSITY=info` for more details.
The following generation flags are not valid and may be ignored: ['temperature', 'top_p', 'top_k']. Set `TRANSFORMERS_VERBOSITY=info` for more details.
The following generation flags are not valid and may be ignored: ['temperature', 'top_p', 'top_k']. Set `TRANSFORMERS_VERBOSITY=info` for more details.
The following generation flags are not valid and may be ignored: ['temperature', 'top_p', 'top_k']. Set `TRANSFORMERS_VERBOSITY=info` for more details.
The following generation flags are not valid and may be ignored: ['temperature', 'top_p', 'top_k']. Set `TRANSFORMERS_VERBOSITY=info` for more details.
The following generation flags are not valid and may be ignored: ['temperature', 'top_p', 'top_k']. Set `TRANSFORMERS_VERBOSITY=info` for more details.
The following generation flags are not valid and may be ignored: ['temperature', 'top_p', 'top_k']. Set `TRANSFORMERS_VERBOSITY=info` for more details.
The following generation flags are not valid and may be ignored: ['temperature', 'top_p', 'top_k']. Set `TRANSFORMERS_VERBOSITY=info` for more details.
The following generation flags are not valid and may be ignored: ['temperature', 'top_p', 'top_k']. Set `TRANSFORMERS_VERBOSITY=info` for more details.

[Self-Distill][train_sft] batches=387 prompts_processed=24768/207865 pairs_written=24768 global_pairs=24768
[Self-Distill][train_sft] batches=388 prompts_processed=24832/207865 pairs_written=24832 global_pairs=24832
[Self-Distill][train_sft] batches=389 prompts_processed=24896/207865 pairs_written=24896 global_pairs=24896
[Self-Distill][train_sft] batches=390 prompts_processed=24960/207865 pairs_written=24960 global_pairs=24960
[Self-Distill][train_sft] batches=391 prompts_processed=25024/207865 pairs_written=25024 global_pairs=25024
[Self-Distill][train_sft] batches=392 prompts_processed=25088/207865 pairs_written=25088 global_pairs=25088
[Self-Distill][train_sft] batches=393 prompts_processed=25152/207865 pairs_written=25152 global_pairs=25152
[Self-Distill][train_sft] batches=394 prompts_processed=25216/207865 pairs_written=25216 global_pairs=25216
[Self-Distill][train_sft] batches=395 prompts_processed=25280/207865 pairs_written=25280 global_pairs=25280
[Self-Distill][train_sft] batches=396 prompts_processed=25344/207865 pairs_written=25344 global_pairs=25344
[Self-Distill][train_sft] batches=397 prompts_processed=25408/207865 pairs_written=25408 global_pairs=25408
[Self-Distill][train_sft] batches=398 prompts_processed=25472/207865 pairs_written=25472 global_pairs=25472
[Self-Distill][train_sft] batches=399 prompts_processed=25536/207865 pairs_written=25536 global_pairs=25536
[Self-Distill][train_sft] batches=400 prompts_processed=25600/207865 pairs_written=25600 global_pairs=25600
[Self-Distill][train_sft] batches=401 prompts_processed=25664/207865 pairs_written=25664 global_pairs=25664
[Self-Distill][train_sft] batches=402 prompts_processed=25728/207865 pairs_written=25728 global_pairs=25728
[Self-Distill][train_sft] batches=403 prompts_processed=25792/207865 pairs_written=25792 global_pairs=25792
[Self-Distill][train_sft] batches=404 prompts_processed=25856/207865 pairs_written=25856 global_pairs=25856
[Self-Distill][train_sft] batches=405 prompts_processed=25920/207865 pairs_written=25920 global_pairs=25920
[Self-Distill][train_sft] batches=406 prompts_processed=25984/207865 pairs_written=25984 global_pairs=25984
[Self-Distill][train_sft] batches=407 prompts_processed=26048/207865 pairs_written=26048 global_pairs=26048
[Self-Distill][train_sft] batches=408 prompts_processed=26112/207865 pairs_written=26112 global_pairs=26112
[Self-Distill][train_sft] batches=409 prompts_processed=26176/207865 pairs_written=26176 global_pairs=26176
[Self-Distill][train_sft] batches=410 prompts_processed=26240/207865 pairs_written=26240 global_pairs=26240
[Self-Distill][train_sft] batches=411 prompts_processed=26304/207865 pairs_written=26304 global_pairs=26304
[Self-Distill][train_sft] batches=412 prompts_processed=26368/207865 pairs_written=26368 global_pairs=26368
[Self-Distill][train_sft] batches=413 prompts_processed=26432/207865 pairs_written=26432 global_pairs=26432
[Self-Distill][train_sft] batches=414 prompts_processed=26496/207865 pairs_written=26496 global_pairs=26496
[Self-Distill][train_sft] batches=415 prompts_processed=26560/207865 pairs_written=26560 global_pairs=26560
[Self-Distill][train_sft] batches=416 prompts_processed=26624/207865 pairs_written=26624 global_pairs=26624
[Self-Distill][train_sft] batches=417 prompts_processed=26688/207865 pairs_written=26688 global_pairs=26688
[Self-Distill][train_sft] batches=418 prompts_processed=26752/207865 pairs_written=26752 global_pairs=26752
[Self-Distill][train_sft] batches=419 prompts_processed=26816/207865 pairs_written=26816 global_pairs=26816
[Self-Distill][train_sft] batches=420 prompts_processed=26880/207865 pairs_written=26880 global_pairs=26880
[Self-Distill][train_sft] batches=421 prompts_processed=26944/207865 pairs_written=26944 global_pairs=26944
[Self-Distill][train_sft] batches=422 prompts_processed=27008/207865 pairs_written=27008 global_pairs=27008
[Self-Distill][train_sft] batches=423 prompts_processed=27072/207865 pairs_written=27072 global_pairs=27072
[Self-Distill][train_sft] batches=424 prompts_processed=27136/207865 pairs_written=27136 global_pairs=27136
[Self-Distill][train_sft] batches=425 prompts_processed=27200/207865 pairs_written=27200 global_pairs=27200
[Self-Distill][train_sft] batches=426 prompts_processed=27264/207865 pairs_written=27264 global_pairs=27264
[Self-Distill][train_sft] batches=427 prompts_processed=27328/207865 pairs_written=27328 global_pairs=27328
[Self-Distill][train_sft] batches=428 prompts_processed=27392/207865 pairs_written=27392 global_pairs=27392
[Self-Distill][train_sft] batches=429 prompts_processed=27456/207865 pairs_written=27456 global_pairs=27456
[Self-Distill][train_sft] batches=430 prompts_processed=27520/207865 pairs_written=27520 global_pairs=27520
[Self-Distill][train_sft] batches=431 prompts_processed=27584/207865 pairs_written=27584 global_pairs=27584
[Self-Distill][train_sft] batches=432 prompts_processed=27648/207865 pairs_written=27648 global_pairs=27648
[Self-Distill][train_sft] batches=433 prompts_processed=27712/207865 pairs_written=27712 global_pairs=27712
[Self-Distill][train_sft] batches=434 prompts_processed=27776/207865 pairs_written=27776 global_pairs=27776
[Self-Distill][train_sft] batches=435 prompts_processed=27840/207865 pairs_written=27840 global_pairs=27840
[Self-Distill][train_sft] batches=436 prompts_processed=27904/207865 pairs_written=27904 global_pairs=27904
[Self-Distill][train_sft] batches=437 prompts_processed=27968/207865 pairs_written=27968 global_pairs=27968
[Self-Distill][train_sft] batches=438 prompts_processed=28032/207865 pairs_written=28032 global_pairs=28032
[Self-Distill][train_sft] batches=439 prompts_processed=28096/207865 pairs_written=28096 global_pairs=28096
[Self-Distill][train_sft] batches=440 prompts_processed=28160/207865 pairs_written=28160 global_pairs=28160
[Self-Distill][train_sft] batches=441 prompts_processed=28224/207865 pairs_written=28224 global_pairs=28224
[Self-Distill][train_sft] batches=442 prompts_processed=28288/207865 pairs_written=28288 global_pairs=28288
[Self-Distill][train_sft] batches=443 prompts_processed=28352/207865 pairs_written=28352 global_pairs=28352
[Self-Distill][train_sft] batches=444 prompts_processed=28416/207865 pairs_written=28416 global_pairs=28416
[Self-Distill][train_sft] batches=445 prompts_processed=28480/207865 pairs_written=28480 global_pairs=28480
[Self-Distill][train_sft] batches=446 prompts_processed=28544/207865 pairs_written=28544 global_pairs=28544
[Self-Distill][train_sft] batches=447 prompts_processed=28608/207865 pairs_written=28608 global_pairs=28608
[Self-Distill][train_sft] batches=448 prompts_processed=28672/207865 pairs_written=28672 global_pairs=28672
[Self-Distill][train_sft] batches=449 prompts_processed=28736/207865 pairs_written=28736 global_pairs=28736
[Self-Distill][train_sft] batches=450 prompts_processed=28800/207865 pairs_written=28800 global_pairs=28800
[Self-Distill][train_sft] batches=451 prompts_processed=28864/207865 pairs_written=28864 global_pairs=28864
[Self-Distill][train_sft] batches=452 prompts_processed=28928/207865 pairs_written=28928 global_pairs=28928
[Self-Distill][train_sft] batches=453 prompts_processed=28992/207865 pairs_written=28992 global_pairs=28992
[Self-Distill][train_sft] batches=454 prompts_processed=29056/207865 pairs_written=29056 global_pairs=29056
[Self-Distill][train_sft] batches=455 prompts_processed=29120/207865 pairs_written=29120 global_pairs=29120
[Self-Distill][train_sft] batches=456 prompts_processed=29184/207865 pairs_written=29184 global_pairs=29184
[Self-Distill][train_sft] batches=457 prompts_processed=29248/207865 pairs_written=29248 global_pairs=29248
[Self-Distill][train_sft] batches=458 prompts_processed=29312/207865 pairs_written=29312 global_pairs=29312
[Self-Distill][train_sft] batches=459 prompts_processed=29376/207865 pairs_written=29376 global_pairs=29376
[Self-Distill][train_sft] batches=460 prompts_processed=29440/207865 pairs_written=29440 global_pairs=29440
[Self-Distill][train_sft] batches=461 prompts_processed=29504/207865 pairs_written=29504 global_pairs=29504
[Self-Distill][train_sft] batches=462 prompts_processed=29568/207865 pairs_written=29568 global_pairs=29568The following generation flags are not valid and may be ignored: ['temperature', 'top_p', 'top_k']. Set `TRANSFORMERS_VERBOSITY=info` for more details.
The following generation flags are not valid and may be ignored: ['temperature', 'top_p', 'top_k']. Set `TRANSFORMERS_VERBOSITY=info` for more details.
The following generation flags are not valid and may be ignored: ['temperature', 'top_p', 'top_k']. Set `TRANSFORMERS_VERBOSITY=info` for more details.
The following generation flags are not valid and may be ignored: ['temperature', 'top_p', 'top_k']. Set `TRANSFORMERS_VERBOSITY=info` for more details.
The following generation flags are not valid and may be ignored: ['temperature', 'top_p', 'top_k']. Set `TRANSFORMERS_VERBOSITY=info` for more details.
The following generation flags are not valid and may be ignored: ['temperature', 'top_p', 'top_k']. Set `TRANSFORMERS_VERBOSITY=info` for more details.
The following generation flags are not valid and may be ignored: ['temperature', 'top_p', 'top_k']. Set `TRANSFORMERS_VERBOSITY=info` for more details.
The following generation flags are not valid and may be ignored: ['temperature', 'top_p', 'top_k']. Set `TRANSFORMERS_VERBOSITY=info` for more details.
The following generation flags are not valid and may be ignored: ['temperature', 'top_p', 'top_k']. Set `TRANSFORMERS_VERBOSITY=info` for more details.
The following generation flags are not valid and may be ignored: ['temperature', 'top_p', 'top_k']. Set `TRANSFORMERS_VERBOSITY=info` for more details.
The following generation flags are not valid and may be ignored: ['temperature', 'top_p', 'top_k']. Set `TRANSFORMERS_VERBOSITY=info` for more details.
The following generation flags are not valid and may be ignored: ['temperature', 'top_p', 'top_k']. Set `TRANSFORMERS_VERBOSITY=info` for more details.
The following generation flags are not valid and may be ignored: ['temperature', 'top_p', 'top_k']. Set `TRANSFORMERS_VERBOSITY=info` for more details.
The following generation flags are not valid and may be ignored: ['temperature', 'top_p', 'top_k']. Set `TRANSFORMERS_VERBOSITY=info` for more details.
The following generation flags are not valid and may be ignored: ['temperature', 'top_p', 'top_k']. Set `TRANSFORMERS_VERBOSITY=info` for more details.
The following generation flags are not valid and may be ignored: ['temperature', 'top_p', 'top_k']. Set `TRANSFORMERS_VERBOSITY=info` for more details.
The following generation flags are not valid and may be ignored: ['temperature', 'top_p', 'top_k']. Set `TRANSFORMERS_VERBOSITY=info` for more details.
The following generation flags are not valid and may be ignored: ['temperature', 'top_p', 'top_k']. Set `TRANSFORMERS_VERBOSITY=info` for more details.
The following generation flags are not valid and may be ignored: ['temperature', 'top_p', 'top_k']. Set `TRANSFORMERS_VERBOSITY=info` for more details.
The following generation flags are not valid and may be ignored: ['temperature', 'top_p', 'top_k']. Set `TRANSFORMERS_VERBOSITY=info` for more details.
The following generation flags are not valid and may be ignored: ['temperature', 'top_p', 'top_k']. Set `TRANSFORMERS_VERBOSITY=info` for more details.
The following generation flags are not valid and may be ignored: ['temperature', 'top_p', 'top_k']. Set `TRANSFORMERS_VERBOSITY=info` for more details.
The following generation flags are not valid and may be ignored: ['temperature', 'top_p', 'top_k']. Set `TRANSFORMERS_VERBOSITY=info` for more details.
The following generation flags are not valid and may be ignored: ['temperature', 'top_p', 'top_k']. Set `TRANSFORMERS_VERBOSITY=info` for more details.
The following generation flags are not valid and may be ignored: ['temperature', 'top_p', 'top_k']. Set `TRANSFORMERS_VERBOSITY=info` for more details.
The following generation flags are not valid and may be ignored: ['temperature', 'top_p', 'top_k']. Set `TRANSFORMERS_VERBOSITY=info` for more details.
The following generation flags are not valid and may be ignored: ['temperature', 'top_p', 'top_k']. Set `TRANSFORMERS_VERBOSITY=info` for more details.
The following generation flags are not valid and may be ignored: ['temperature', 'top_p', 'top_k']. Set `TRANSFORMERS_VERBOSITY=info` for more details.
The following generation flags are not valid and may be ignored: ['temperature', 'top_p', 'top_k']. Set `TRANSFORMERS_VERBOSITY=info` for more details.
The following generation flags are not valid and may be ignored: ['temperature', 'top_p', 'top_k']. Set `TRANSFORMERS_VERBOSITY=info` for more details.
The following generation flags are not valid and may be ignored: ['temperature', 'top_p', 'top_k']. Set `TRANSFORMERS_VERBOSITY=info` for more details.
The following generation flags are not valid and may be ignored: ['temperature', 'top_p', 'top_k']. Set `TRANSFORMERS_VERBOSITY=info` for more details.
The following generation flags are not valid and may be ignored: ['temperature', 'top_p', 'top_k']. Set `TRANSFORMERS_VERBOSITY=info` for more details.
The following generation flags are not valid and may be ignored: ['temperature', 'top_p', 'top_k']. Set `TRANSFORMERS_VERBOSITY=info` for more details.
The following generation flags are not valid and may be ignored: ['temperature', 'top_p', 'top_k']. Set `TRANSFORMERS_VERBOSITY=info` for more details.
The following generation flags are not valid and may be ignored: ['temperature', 'top_p', 'top_k']. Set `TRANSFORMERS_VERBOSITY=info` for more details.
The following generation flags are not valid and may be ignored: ['temperature', 'top_p', 'top_k']. Set `TRANSFORMERS_VERBOSITY=info` for more details.
The following generation flags are not valid and may be ignored: ['temperature', 'top_p', 'top_k']. Set `TRANSFORMERS_VERBOSITY=info` for more details.
The following generation flags are not valid and may be ignored: ['temperature', 'top_p', 'top_k']. Set `TRANSFORMERS_VERBOSITY=info` for more details.
The following generation flags are not valid and may be ignored: ['temperature', 'top_p', 'top_k']. Set `TRANSFORMERS_VERBOSITY=info` for more details.
The following generation flags are not valid and may be ignored: ['temperature', 'top_p', 'top_k']. Set `TRANSFORMERS_VERBOSITY=info` for more details.
The following generation flags are not valid and may be ignored: ['temperature', 'top_p', 'top_k']. Set `TRANSFORMERS_VERBOSITY=info` for more details.
The following generation flags are not valid and may be ignored: ['temperature', 'top_p', 'top_k']. Set `TRANSFORMERS_VERBOSITY=info` for more details.
The following generation flags are not valid and may be ignored: ['temperature', 'top_p', 'top_k']. Set `TRANSFORMERS_VERBOSITY=info` for more details.
The following generation flags are not valid and may be ignored: ['temperature', 'top_p', 'top_k']. Set `TRANSFORMERS_VERBOSITY=info` for more details.
The following generation flags are not valid and may be ignored: ['temperature', 'top_p', 'top_k']. Set `TRANSFORMERS_VERBOSITY=info` for more details.
The following generation flags are not valid and may be ignored: ['temperature', 'top_p', 'top_k']. Set `TRANSFORMERS_VERBOSITY=info` for more details.
The following generation flags are not valid and may be ignored: ['temperature', 'top_p', 'top_k']. Set `TRANSFORMERS_VERBOSITY=info` for more details.
The following generation flags are not valid and may be ignored: ['temperature', 'top_p', 'top_k']. Set `TRANSFORMERS_VERBOSITY=info` for more details.
The following generation flags are not valid and may be ignored: ['temperature', 'top_p', 'top_k']. Set `TRANSFORMERS_VERBOSITY=info` for more details.
The following generation flags are not valid and may be ignored: ['temperature', 'top_p', 'top_k']. Set `TRANSFORMERS_VERBOSITY=info` for more details.
The following generation flags are not valid and may be ignored: ['temperature', 'top_p', 'top_k']. Set `TRANSFORMERS_VERBOSITY=info` for more details.
The following generation flags are not valid and may be ignored: ['temperature', 'top_p', 'top_k']. Set `TRANSFORMERS_VERBOSITY=info` for more details.
The following generation flags are not valid and may be ignored: ['temperature', 'top_p', 'top_k']. Set `TRANSFORMERS_VERBOSITY=info` for more details.
The following generation flags are not valid and may be ignored: ['temperature', 'top_p', 'top_k']. Set `TRANSFORMERS_VERBOSITY=info` for more details.
The following generation flags are not valid and may be ignored: ['temperature', 'top_p', 'top_k']. Set `TRANSFORMERS_VERBOSITY=info` for more details.
The following generation flags are not valid and may be ignored: ['temperature', 'top_p', 'top_k']. Set `TRANSFORMERS_VERBOSITY=info` for more details.
The following generation flags are not valid and may be ignored: ['temperature', 'top_p', 'top_k']. Set `TRANSFORMERS_VERBOSITY=info` for more details.
The following generation flags are not valid and may be ignored: ['temperature', 'top_p', 'top_k']. Set `TRANSFORMERS_VERBOSITY=info` for more details.
The following generation flags are not valid and may be ignored: ['temperature', 'top_p', 'top_k']. Set `TRANSFORMERS_VERBOSITY=info` for more details.
The following generation flags are not valid and may be ignored: ['temperature', 'top_p', 'top_k']. Set `TRANSFORMERS_VERBOSITY=info` for more details.
The following generation flags are not valid and may be ignored: ['temperature', 'top_p', 'top_k']. Set `TRANSFORMERS_VERBOSITY=info` for more details.
The following generation flags are not valid and may be ignored: ['temperature', 'top_p', 'top_k']. Set `TRANSFORMERS_VERBOSITY=info` for more details.
The following generation flags are not valid and may be ignored: ['temperature', 'top_p', 'top_k']. Set `TRANSFORMERS_VERBOSITY=info` for more details.
The following generation flags are not valid and may be ignored: ['temperature', 'top_p', 'top_k']. Set `TRANSFORMERS_VERBOSITY=info` for more details.
The following generation flags are not valid and may be ignored: ['temperature', 'top_p', 'top_k']. Set `TRANSFORMERS_VERBOSITY=info` for more details.
The following generation flags are not valid and may be ignored: ['temperature', 'top_p', 'top_k']. Set `TRANSFORMERS_VERBOSITY=info` for more details.
The following generation flags are not valid and may be ignored: ['temperature', 'top_p', 'top_k']. Set `TRANSFORMERS_VERBOSITY=info` for more details.
The following generation flags are not valid and may be ignored: ['temperature', 'top_p', 'top_k']. Set `TRANSFORMERS_VERBOSITY=info` for more details.
The following generation flags are not valid and may be ignored: ['temperature', 'top_p', 'top_k']. Set `TRANSFORMERS_VERBOSITY=info` for more details.
The following generation flags are not valid and may be ignored: ['temperature', 'top_p', 'top_k']. Set `TRANSFORMERS_VERBOSITY=info` for more details.
The following generation flags are not valid and may be ignored: ['temperature', 'top_p', 'top_k']. Set `TRANSFORMERS_VERBOSITY=info` for more details.
The following generation flags are not valid and may be ignored: ['temperature', 'top_p', 'top_k']. Set `TRANSFORMERS_VERBOSITY=info` for more details.
The following generation flags are not valid and may be ignored: ['temperature', 'top_p', 'top_k']. Set `TRANSFORMERS_VERBOSITY=info` for more details.
The following generation flags are not valid and may be ignored: ['temperature', 'top_p', 'top_k']. Set `TRANSFORMERS_VERBOSITY=info` for more details.
The following generation flags are not valid and may be ignored: ['temperature', 'top_p', 'top_k']. Set `TRANSFORMERS_VERBOSITY=info` for more details.

[Self-Distill][train_sft] batches=463 prompts_processed=29632/207865 pairs_written=29632 global_pairs=29632
[Self-Distill][train_sft] batches=464 prompts_processed=29696/207865 pairs_written=29696 global_pairs=29696
[Self-Distill][train_sft] batches=465 prompts_processed=29760/207865 pairs_written=29760 global_pairs=29760
[Self-Distill][train_sft] batches=466 prompts_processed=29824/207865 pairs_written=29824 global_pairs=29824
[Self-Distill][train_sft] batches=467 prompts_processed=29888/207865 pairs_written=29888 global_pairs=29888
[Self-Distill][train_sft] batches=468 prompts_processed=29952/207865 pairs_written=29952 global_pairs=29952
[Self-Distill][train_sft] batches=469 prompts_processed=30016/207865 pairs_written=30016 global_pairs=30016
[Self-Distill][train_sft] batches=470 prompts_processed=30080/207865 pairs_written=30080 global_pairs=30080
[Self-Distill][train_sft] batches=471 prompts_processed=30144/207865 pairs_written=30144 global_pairs=30144
[Self-Distill][train_sft] batches=472 prompts_processed=30208/207865 pairs_written=30208 global_pairs=30208
[Self-Distill][train_sft] batches=473 prompts_processed=30272/207865 pairs_written=30272 global_pairs=30272
[Self-Distill][train_sft] batches=474 prompts_processed=30336/207865 pairs_written=30336 global_pairs=30336
[Self-Distill][train_sft] batches=475 prompts_processed=30400/207865 pairs_written=30400 global_pairs=30400
[Self-Distill][train_sft] batches=476 prompts_processed=30464/207865 pairs_written=30464 global_pairs=30464
[Self-Distill][train_sft] batches=477 prompts_processed=30528/207865 pairs_written=30528 global_pairs=30528
[Self-Distill][train_sft] batches=478 prompts_processed=30592/207865 pairs_written=30592 global_pairs=30592
[Self-Distill][train_sft] batches=479 prompts_processed=30656/207865 pairs_written=30656 global_pairs=30656
[Self-Distill][train_sft] batches=480 prompts_processed=30720/207865 pairs_written=30720 global_pairs=30720
[Self-Distill][train_sft] batches=481 prompts_processed=30784/207865 pairs_written=30784 global_pairs=30784
[Self-Distill][train_sft] batches=482 prompts_processed=30848/207865 pairs_written=30848 global_pairs=30848
[Self-Distill][train_sft] batches=483 prompts_processed=30912/207865 pairs_written=30912 global_pairs=30912
[Self-Distill][train_sft] batches=484 prompts_processed=30976/207865 pairs_written=30976 global_pairs=30976
[Self-Distill][train_sft] batches=485 prompts_processed=31040/207865 pairs_written=31040 global_pairs=31040
[Self-Distill][train_sft] batches=486 prompts_processed=31104/207865 pairs_written=31104 global_pairs=31104
[Self-Distill][train_sft] batches=487 prompts_processed=31168/207865 pairs_written=31168 global_pairs=31168
[Self-Distill][train_sft] batches=488 prompts_processed=31232/207865 pairs_written=31232 global_pairs=31232
[Self-Distill][train_sft] batches=489 prompts_processed=31296/207865 pairs_written=31296 global_pairs=31296
[Self-Distill][train_sft] batches=490 prompts_processed=31360/207865 pairs_written=31360 global_pairs=31360
[Self-Distill][train_sft] batches=491 prompts_processed=31424/207865 pairs_written=31424 global_pairs=31424
[Self-Distill][train_sft] batches=492 prompts_processed=31488/207865 pairs_written=31488 global_pairs=31488
[Self-Distill][train_sft] batches=493 prompts_processed=31552/207865 pairs_written=31552 global_pairs=31552
[Self-Distill][train_sft] batches=494 prompts_processed=31616/207865 pairs_written=31616 global_pairs=31616
[Self-Distill][train_sft] batches=495 prompts_processed=31680/207865 pairs_written=31680 global_pairs=31680
[Self-Distill][train_sft] batches=496 prompts_processed=31744/207865 pairs_written=31744 global_pairs=31744
[Self-Distill][train_sft] batches=497 prompts_processed=31808/207865 pairs_written=31808 global_pairs=31808
[Self-Distill][train_sft] batches=498 prompts_processed=31872/207865 pairs_written=31872 global_pairs=31872
[Self-Distill][train_sft] batches=499 prompts_processed=31936/207865 pairs_written=31936 global_pairs=31936
[Self-Distill][train_sft] batches=500 prompts_processed=32000/207865 pairs_written=32000 global_pairs=32000
[Self-Distill][train_sft] batches=501 prompts_processed=32064/207865 pairs_written=32064 global_pairs=32064
[Self-Distill][train_sft] batches=502 prompts_processed=32128/207865 pairs_written=32128 global_pairs=32128
[Self-Distill][train_sft] batches=503 prompts_processed=32192/207865 pairs_written=32192 global_pairs=32192
[Self-Distill][train_sft] batches=504 prompts_processed=32256/207865 pairs_written=32256 global_pairs=32256
[Self-Distill][train_sft] batches=505 prompts_processed=32320/207865 pairs_written=32320 global_pairs=32320
[Self-Distill][train_sft] batches=506 prompts_processed=32384/207865 pairs_written=32384 global_pairs=32384
[Self-Distill][train_sft] batches=507 prompts_processed=32448/207865 pairs_written=32448 global_pairs=32448
[Self-Distill][train_sft] batches=508 prompts_processed=32512/207865 pairs_written=32512 global_pairs=32512
[Self-Distill][train_sft] batches=509 prompts_processed=32576/207865 pairs_written=32576 global_pairs=32576
[Self-Distill][train_sft] batches=510 prompts_processed=32640/207865 pairs_written=32640 global_pairs=32640
[Self-Distill][train_sft] batches=511 prompts_processed=32704/207865 pairs_written=32704 global_pairs=32704
[Self-Distill][train_sft] batches=512 prompts_processed=32768/207865 pairs_written=32768 global_pairs=32768
[Self-Distill][train_sft] batches=513 prompts_processed=32832/207865 pairs_written=32832 global_pairs=32832
[Self-Distill][train_sft] batches=514 prompts_processed=32896/207865 pairs_written=32896 global_pairs=32896
[Self-Distill][train_sft] batches=515 prompts_processed=32960/207865 pairs_written=32960 global_pairs=32960
[Self-Distill][train_sft] batches=516 prompts_processed=33024/207865 pairs_written=33024 global_pairs=33024
[Self-Distill][train_sft] batches=517 prompts_processed=33088/207865 pairs_written=33088 global_pairs=33088
[Self-Distill][train_sft] batches=518 prompts_processed=33152/207865 pairs_written=33152 global_pairs=33152
[Self-Distill][train_sft] batches=519 prompts_processed=33216/207865 pairs_written=33216 global_pairs=33216
[Self-Distill][train_sft] batches=520 prompts_processed=33280/207865 pairs_written=33280 global_pairs=33280
[Self-Distill][train_sft] batches=521 prompts_processed=33344/207865 pairs_written=33344 global_pairs=33344
[Self-Distill][train_sft] batches=522 prompts_processed=33408/207865 pairs_written=33408 global_pairs=33408
[Self-Distill][train_sft] batches=523 prompts_processed=33472/207865 pairs_written=33472 global_pairs=33472
[Self-Distill][train_sft] batches=524 prompts_processed=33536/207865 pairs_written=33536 global_pairs=33536
[Self-Distill][train_sft] batches=525 prompts_processed=33600/207865 pairs_written=33600 global_pairs=33600
[Self-Distill][train_sft] batches=526 prompts_processed=33664/207865 pairs_written=33664 global_pairs=33664
[Self-Distill][train_sft] batches=527 prompts_processed=33728/207865 pairs_written=33728 global_pairs=33728
[Self-Distill][train_sft] batches=528 prompts_processed=33792/207865 pairs_written=33792 global_pairs=33792
[Self-Distill][train_sft] batches=529 prompts_processed=33856/207865 pairs_written=33856 global_pairs=33856
[Self-Distill][train_sft] batches=530 prompts_processed=33920/207865 pairs_written=33920 global_pairs=33920
[Self-Distill][train_sft] batches=531 prompts_processed=33984/207865 pairs_written=33984 global_pairs=33984
[Self-Distill][train_sft] batches=532 prompts_processed=34048/207865 pairs_written=34048 global_pairs=34048
[Self-Distill][train_sft] batches=533 prompts_processed=34112/207865 pairs_written=34112 global_pairs=34112
[Self-Distill][train_sft] batches=534 prompts_processed=34176/207865 pairs_written=34176 global_pairs=34176
[Self-Distill][train_sft] batches=535 prompts_processed=34240/207865 pairs_written=34240 global_pairs=34240
[Self-Distill][train_sft] batches=536 prompts_processed=34304/207865 pairs_written=34304 global_pairs=34304
[Self-Distill][train_sft] batches=537 prompts_processed=34368/207865 pairs_written=34368 global_pairs=34368
[Self-Distill][train_sft] batches=538 prompts_processed=34432/207865 pairs_written=34432 global_pairs=34432The following generation flags are not valid and may be ignored: ['temperature', 'top_p', 'top_k']. Set `TRANSFORMERS_VERBOSITY=info` for more details.
The following generation flags are not valid and may be ignored: ['temperature', 'top_p', 'top_k']. Set `TRANSFORMERS_VERBOSITY=info` for more details.
The following generation flags are not valid and may be ignored: ['temperature', 'top_p', 'top_k']. Set `TRANSFORMERS_VERBOSITY=info` for more details.
The following generation flags are not valid and may be ignored: ['temperature', 'top_p', 'top_k']. Set `TRANSFORMERS_VERBOSITY=info` for more details.
The following generation flags are not valid and may be ignored: ['temperature', 'top_p', 'top_k']. Set `TRANSFORMERS_VERBOSITY=info` for more details.
The following generation flags are not valid and may be ignored: ['temperature', 'top_p', 'top_k']. Set `TRANSFORMERS_VERBOSITY=info` for more details.
The following generation flags are not valid and may be ignored: ['temperature', 'top_p', 'top_k']. Set `TRANSFORMERS_VERBOSITY=info` for more details.
The following generation flags are not valid and may be ignored: ['temperature', 'top_p', 'top_k']. Set `TRANSFORMERS_VERBOSITY=info` for more details.
The following generation flags are not valid and may be ignored: ['temperature', 'top_p', 'top_k']. Set `TRANSFORMERS_VERBOSITY=info` for more details.
The following generation flags are not valid and may be ignored: ['temperature', 'top_p', 'top_k']. Set `TRANSFORMERS_VERBOSITY=info` for more details.
The following generation flags are not valid and may be ignored: ['temperature', 'top_p', 'top_k']. Set `TRANSFORMERS_VERBOSITY=info` for more details.
The following generation flags are not valid and may be ignored: ['temperature', 'top_p', 'top_k']. Set `TRANSFORMERS_VERBOSITY=info` for more details.
The following generation flags are not valid and may be ignored: ['temperature', 'top_p', 'top_k']. Set `TRANSFORMERS_VERBOSITY=info` for more details.
The following generation flags are not valid and may be ignored: ['temperature', 'top_p', 'top_k']. Set `TRANSFORMERS_VERBOSITY=info` for more details.
The following generation flags are not valid and may be ignored: ['temperature', 'top_p', 'top_k']. Set `TRANSFORMERS_VERBOSITY=info` for more details.
The following generation flags are not valid and may be ignored: ['temperature', 'top_p', 'top_k']. Set `TRANSFORMERS_VERBOSITY=info` for more details.
The following generation flags are not valid and may be ignored: ['temperature', 'top_p', 'top_k']. Set `TRANSFORMERS_VERBOSITY=info` for more details.
The following generation flags are not valid and may be ignored: ['temperature', 'top_p', 'top_k']. Set `TRANSFORMERS_VERBOSITY=info` for more details.
The following generation flags are not valid and may be ignored: ['temperature', 'top_p', 'top_k']. Set `TRANSFORMERS_VERBOSITY=info` for more details.
The following generation flags are not valid and may be ignored: ['temperature', 'top_p', 'top_k']. Set `TRANSFORMERS_VERBOSITY=info` for more details.
The following generation flags are not valid and may be ignored: ['temperature', 'top_p', 'top_k']. Set `TRANSFORMERS_VERBOSITY=info` for more details.
The following generation flags are not valid and may be ignored: ['temperature', 'top_p', 'top_k']. Set `TRANSFORMERS_VERBOSITY=info` for more details.
The following generation flags are not valid and may be ignored: ['temperature', 'top_p', 'top_k']. Set `TRANSFORMERS_VERBOSITY=info` for more details.
The following generation flags are not valid and may be ignored: ['temperature', 'top_p', 'top_k']. Set `TRANSFORMERS_VERBOSITY=info` for more details.
The following generation flags are not valid and may be ignored: ['temperature', 'top_p', 'top_k']. Set `TRANSFORMERS_VERBOSITY=info` for more details.
The following generation flags are not valid and may be ignored: ['temperature', 'top_p', 'top_k']. Set `TRANSFORMERS_VERBOSITY=info` for more details.
The following generation flags are not valid and may be ignored: ['temperature', 'top_p', 'top_k']. Set `TRANSFORMERS_VERBOSITY=info` for more details.
The following generation flags are not valid and may be ignored: ['temperature', 'top_p', 'top_k']. Set `TRANSFORMERS_VERBOSITY=info` for more details.
The following generation flags are not valid and may be ignored: ['temperature', 'top_p', 'top_k']. Set `TRANSFORMERS_VERBOSITY=info` for more details.
The following generation flags are not valid and may be ignored: ['temperature', 'top_p', 'top_k']. Set `TRANSFORMERS_VERBOSITY=info` for more details.
The following generation flags are not valid and may be ignored: ['temperature', 'top_p', 'top_k']. Set `TRANSFORMERS_VERBOSITY=info` for more details.
The following generation flags are not valid and may be ignored: ['temperature', 'top_p', 'top_k']. Set `TRANSFORMERS_VERBOSITY=info` for more details.
The following generation flags are not valid and may be ignored: ['temperature', 'top_p', 'top_k']. Set `TRANSFORMERS_VERBOSITY=info` for more details.
The following generation flags are not valid and may be ignored: ['temperature', 'top_p', 'top_k']. Set `TRANSFORMERS_VERBOSITY=info` for more details.
The following generation flags are not valid and may be ignored: ['temperature', 'top_p', 'top_k']. Set `TRANSFORMERS_VERBOSITY=info` for more details.
The following generation flags are not valid and may be ignored: ['temperature', 'top_p', 'top_k']. Set `TRANSFORMERS_VERBOSITY=info` for more details.
The following generation flags are not valid and may be ignored: ['temperature', 'top_p', 'top_k']. Set `TRANSFORMERS_VERBOSITY=info` for more details.
The following generation flags are not valid and may be ignored: ['temperature', 'top_p', 'top_k']. Set `TRANSFORMERS_VERBOSITY=info` for more details.
The following generation flags are not valid and may be ignored: ['temperature', 'top_p', 'top_k']. Set `TRANSFORMERS_VERBOSITY=info` for more details.
The following generation flags are not valid and may be ignored: ['temperature', 'top_p', 'top_k']. Set `TRANSFORMERS_VERBOSITY=info` for more details.
The following generation flags are not valid and may be ignored: ['temperature', 'top_p', 'top_k']. Set `TRANSFORMERS_VERBOSITY=info` for more details.
The following generation flags are not valid and may be ignored: ['temperature', 'top_p', 'top_k']. Set `TRANSFORMERS_VERBOSITY=info` for more details.
The following generation flags are not valid and may be ignored: ['temperature', 'top_p', 'top_k']. Set `TRANSFORMERS_VERBOSITY=info` for more details.
The following generation flags are not valid and may be ignored: ['temperature', 'top_p', 'top_k']. Set `TRANSFORMERS_VERBOSITY=info` for more details.
The following generation flags are not valid and may be ignored: ['temperature', 'top_p', 'top_k']. Set `TRANSFORMERS_VERBOSITY=info` for more details.
The following generation flags are not valid and may be ignored: ['temperature', 'top_p', 'top_k']. Set `TRANSFORMERS_VERBOSITY=info` for more details.
The following generation flags are not valid and may be ignored: ['temperature', 'top_p', 'top_k']. Set `TRANSFORMERS_VERBOSITY=info` for more details.
The following generation flags are not valid and may be ignored: ['temperature', 'top_p', 'top_k']. Set `TRANSFORMERS_VERBOSITY=info` for more details.
The following generation flags are not valid and may be ignored: ['temperature', 'top_p', 'top_k']. Set `TRANSFORMERS_VERBOSITY=info` for more details.
The following generation flags are not valid and may be ignored: ['temperature', 'top_p', 'top_k']. Set `TRANSFORMERS_VERBOSITY=info` for more details.
The following generation flags are not valid and may be ignored: ['temperature', 'top_p', 'top_k']. Set `TRANSFORMERS_VERBOSITY=info` for more details.
The following generation flags are not valid and may be ignored: ['temperature', 'top_p', 'top_k']. Set `TRANSFORMERS_VERBOSITY=info` for more details.
The following generation flags are not valid and may be ignored: ['temperature', 'top_p', 'top_k']. Set `TRANSFORMERS_VERBOSITY=info` for more details.
The following generation flags are not valid and may be ignored: ['temperature', 'top_p', 'top_k']. Set `TRANSFORMERS_VERBOSITY=info` for more details.
The following generation flags are not valid and may be ignored: ['temperature', 'top_p', 'top_k']. Set `TRANSFORMERS_VERBOSITY=info` for more details.
The following generation flags are not valid and may be ignored: ['temperature', 'top_p', 'top_k']. Set `TRANSFORMERS_VERBOSITY=info` for more details.
The following generation flags are not valid and may be ignored: ['temperature', 'top_p', 'top_k']. Set `TRANSFORMERS_VERBOSITY=info` for more details.
The following generation flags are not valid and may be ignored: ['temperature', 'top_p', 'top_k']. Set `TRANSFORMERS_VERBOSITY=info` for more details.
The following generation flags are not valid and may be ignored: ['temperature', 'top_p', 'top_k']. Set `TRANSFORMERS_VERBOSITY=info` for more details.
The following generation flags are not valid and may be ignored: ['temperature', 'top_p', 'top_k']. Set `TRANSFORMERS_VERBOSITY=info` for more details.
The following generation flags are not valid and may be ignored: ['temperature', 'top_p', 'top_k']. Set `TRANSFORMERS_VERBOSITY=info` for more details.
The following generation flags are not valid and may be ignored: ['temperature', 'top_p', 'top_k']. Set `TRANSFORMERS_VERBOSITY=info` for more details.
The following generation flags are not valid and may be ignored: ['temperature', 'top_p', 'top_k']. Set `TRANSFORMERS_VERBOSITY=info` for more details.
The following generation flags are not valid and may be ignored: ['temperature', 'top_p', 'top_k']. Set `TRANSFORMERS_VERBOSITY=info` for more details.
The following generation flags are not valid and may be ignored: ['temperature', 'top_p', 'top_k']. Set `TRANSFORMERS_VERBOSITY=info` for more details.
The following generation flags are not valid and may be ignored: ['temperature', 'top_p', 'top_k']. Set `TRANSFORMERS_VERBOSITY=info` for more details.
The following generation flags are not valid and may be ignored: ['temperature', 'top_p', 'top_k']. Set `TRANSFORMERS_VERBOSITY=info` for more details.
The following generation flags are not valid and may be ignored: ['temperature', 'top_p', 'top_k']. Set `TRANSFORMERS_VERBOSITY=info` for more details.
The following generation flags are not valid and may be ignored: ['temperature', 'top_p', 'top_k']. Set `TRANSFORMERS_VERBOSITY=info` for more details.
The following generation flags are not valid and may be ignored: ['temperature', 'top_p', 'top_k']. Set `TRANSFORMERS_VERBOSITY=info` for more details.
The following generation flags are not valid and may be ignored: ['temperature', 'top_p', 'top_k']. Set `TRANSFORMERS_VERBOSITY=info` for more details.
The following generation flags are not valid and may be ignored: ['temperature', 'top_p', 'top_k']. Set `TRANSFORMERS_VERBOSITY=info` for more details.
The following generation flags are not valid and may be ignored: ['temperature', 'top_p', 'top_k']. Set `TRANSFORMERS_VERBOSITY=info` for more details.
The following generation flags are not valid and may be ignored: ['temperature', 'top_p', 'top_k']. Set `TRANSFORMERS_VERBOSITY=info` for more details.
The following generation flags are not valid and may be ignored: ['temperature', 'top_p', 'top_k']. Set `TRANSFORMERS_VERBOSITY=info` for more details.
The following generation flags are not valid and may be ignored: ['temperature', 'top_p', 'top_k']. Set `TRANSFORMERS_VERBOSITY=info` for more details.

[Self-Distill][train_sft] batches=539 prompts_processed=34496/207865 pairs_written=34496 global_pairs=34496
[Self-Distill][train_sft] batches=540 prompts_processed=34560/207865 pairs_written=34560 global_pairs=34560
[Self-Distill][train_sft] batches=541 prompts_processed=34624/207865 pairs_written=34624 global_pairs=34624
[Self-Distill][train_sft] batches=542 prompts_processed=34688/207865 pairs_written=34688 global_pairs=34688
[Self-Distill][train_sft] batches=543 prompts_processed=34752/207865 pairs_written=34752 global_pairs=34752
[Self-Distill][train_sft] batches=544 prompts_processed=34816/207865 pairs_written=34816 global_pairs=34816
[Self-Distill][train_sft] batches=545 prompts_processed=34880/207865 pairs_written=34880 global_pairs=34880
[Self-Distill][train_sft] batches=546 prompts_processed=34944/207865 pairs_written=34944 global_pairs=34944
[Self-Distill][train_sft] batches=547 prompts_processed=35008/207865 pairs_written=35008 global_pairs=35008
[Self-Distill][train_sft] batches=548 prompts_processed=35072/207865 pairs_written=35072 global_pairs=35072
[Self-Distill][train_sft] batches=549 prompts_processed=35136/207865 pairs_written=35136 global_pairs=35136
[Self-Distill][train_sft] batches=550 prompts_processed=35200/207865 pairs_written=35200 global_pairs=35200
[Self-Distill][train_sft] batches=551 prompts_processed=35264/207865 pairs_written=35264 global_pairs=35264
[Self-Distill][train_sft] batches=552 prompts_processed=35328/207865 pairs_written=35328 global_pairs=35328
[Self-Distill][train_sft] batches=553 prompts_processed=35392/207865 pairs_written=35392 global_pairs=35392
[Self-Distill][train_sft] batches=554 prompts_processed=35456/207865 pairs_written=35456 global_pairs=35456
[Self-Distill][train_sft] batches=555 prompts_processed=35520/207865 pairs_written=35520 global_pairs=35520
[Self-Distill][train_sft] batches=556 prompts_processed=35584/207865 pairs_written=35584 global_pairs=35584
[Self-Distill][train_sft] batches=557 prompts_processed=35648/207865 pairs_written=35648 global_pairs=35648
[Self-Distill][train_sft] batches=558 prompts_processed=35712/207865 pairs_written=35712 global_pairs=35712
[Self-Distill][train_sft] batches=559 prompts_processed=35776/207865 pairs_written=35776 global_pairs=35776
[Self-Distill][train_sft] batches=560 prompts_processed=35840/207865 pairs_written=35840 global_pairs=35840
[Self-Distill][train_sft] batches=561 prompts_processed=35904/207865 pairs_written=35904 global_pairs=35904
[Self-Distill][train_sft] batches=562 prompts_processed=35968/207865 pairs_written=35968 global_pairs=35968
[Self-Distill][train_sft] batches=563 prompts_processed=36032/207865 pairs_written=36032 global_pairs=36032
[Self-Distill][train_sft] batches=564 prompts_processed=36096/207865 pairs_written=36096 global_pairs=36096
[Self-Distill][train_sft] batches=565 prompts_processed=36160/207865 pairs_written=36160 global_pairs=36160
[Self-Distill][train_sft] batches=566 prompts_processed=36224/207865 pairs_written=36224 global_pairs=36224
[Self-Distill][train_sft] batches=567 prompts_processed=36288/207865 pairs_written=36288 global_pairs=36288
[Self-Distill][train_sft] batches=568 prompts_processed=36352/207865 pairs_written=36352 global_pairs=36352
[Self-Distill][train_sft] batches=569 prompts_processed=36416/207865 pairs_written=36416 global_pairs=36416
[Self-Distill][train_sft] batches=570 prompts_processed=36480/207865 pairs_written=36480 global_pairs=36480
[Self-Distill][train_sft] batches=571 prompts_processed=36544/207865 pairs_written=36544 global_pairs=36544
[Self-Distill][train_sft] batches=572 prompts_processed=36608/207865 pairs_written=36608 global_pairs=36608
[Self-Distill][train_sft] batches=573 prompts_processed=36672/207865 pairs_written=36672 global_pairs=36672
[Self-Distill][train_sft] batches=574 prompts_processed=36736/207865 pairs_written=36736 global_pairs=36736
[Self-Distill][train_sft] batches=575 prompts_processed=36800/207865 pairs_written=36800 global_pairs=36800
[Self-Distill][train_sft] batches=576 prompts_processed=36864/207865 pairs_written=36864 global_pairs=36864
[Self-Distill][train_sft] batches=577 prompts_processed=36928/207865 pairs_written=36928 global_pairs=36928
[Self-Distill][train_sft] batches=578 prompts_processed=36992/207865 pairs_written=36992 global_pairs=36992
[Self-Distill][train_sft] batches=579 prompts_processed=37056/207865 pairs_written=37056 global_pairs=37056
[Self-Distill][train_sft] batches=580 prompts_processed=37120/207865 pairs_written=37120 global_pairs=37120
[Self-Distill][train_sft] batches=581 prompts_processed=37184/207865 pairs_written=37184 global_pairs=37184
[Self-Distill][train_sft] batches=582 prompts_processed=37248/207865 pairs_written=37248 global_pairs=37248
[Self-Distill][train_sft] batches=583 prompts_processed=37312/207865 pairs_written=37312 global_pairs=37312
[Self-Distill][train_sft] batches=584 prompts_processed=37376/207865 pairs_written=37376 global_pairs=37376
[Self-Distill][train_sft] batches=585 prompts_processed=37440/207865 pairs_written=37440 global_pairs=37440
[Self-Distill][train_sft] batches=586 prompts_processed=37504/207865 pairs_written=37504 global_pairs=37504
[Self-Distill][train_sft] batches=587 prompts_processed=37568/207865 pairs_written=37568 global_pairs=37568
[Self-Distill][train_sft] batches=588 prompts_processed=37632/207865 pairs_written=37632 global_pairs=37632
[Self-Distill][train_sft] batches=589 prompts_processed=37696/207865 pairs_written=37696 global_pairs=37696
[Self-Distill][train_sft] batches=590 prompts_processed=37760/207865 pairs_written=37760 global_pairs=37760
[Self-Distill][train_sft] batches=591 prompts_processed=37824/207865 pairs_written=37824 global_pairs=37824
[Self-Distill][train_sft] batches=592 prompts_processed=37888/207865 pairs_written=37888 global_pairs=37888
[Self-Distill][train_sft] batches=593 prompts_processed=37952/207865 pairs_written=37952 global_pairs=37952
[Self-Distill][train_sft] batches=594 prompts_processed=38016/207865 pairs_written=38016 global_pairs=38016
[Self-Distill][train_sft] batches=595 prompts_processed=38080/207865 pairs_written=38080 global_pairs=38080
[Self-Distill][train_sft] batches=596 prompts_processed=38144/207865 pairs_written=38144 global_pairs=38144
[Self-Distill][train_sft] batches=597 prompts_processed=38208/207865 pairs_written=38208 global_pairs=38208
[Self-Distill][train_sft] batches=598 prompts_processed=38272/207865 pairs_written=38272 global_pairs=38272
[Self-Distill][train_sft] batches=599 prompts_processed=38336/207865 pairs_written=38336 global_pairs=38336
[Self-Distill][train_sft] batches=600 prompts_processed=38400/207865 pairs_written=38400 global_pairs=38400
[Self-Distill][train_sft] batches=601 prompts_processed=38464/207865 pairs_written=38464 global_pairs=38464
[Self-Distill][train_sft] batches=602 prompts_processed=38528/207865 pairs_written=38528 global_pairs=38528
[Self-Distill][train_sft] batches=603 prompts_processed=38592/207865 pairs_written=38592 global_pairs=38592
[Self-Distill][train_sft] batches=604 prompts_processed=38656/207865 pairs_written=38656 global_pairs=38656
[Self-Distill][train_sft] batches=605 prompts_processed=38720/207865 pairs_written=38720 global_pairs=38720
[Self-Distill][train_sft] batches=606 prompts_processed=38784/207865 pairs_written=38784 global_pairs=38784
[Self-Distill][train_sft] batches=607 prompts_processed=38848/207865 pairs_written=38848 global_pairs=38848
[Self-Distill][train_sft] batches=608 prompts_processed=38912/207865 pairs_written=38912 global_pairs=38912
[Self-Distill][train_sft] batches=609 prompts_processed=38976/207865 pairs_written=38976 global_pairs=38976
[Self-Distill][train_sft] batches=610 prompts_processed=39040/207865 pairs_written=39040 global_pairs=39040
[Self-Distill][train_sft] batches=611 prompts_processed=39104/207865 pairs_written=39104 global_pairs=39104
[Self-Distill][train_sft] batches=612 prompts_processed=39168/207865 pairs_written=39168 global_pairs=39168
[Self-Distill][train_sft] batches=613 prompts_processed=39232/207865 pairs_written=39232 global_pairs=39232
[Self-Distill][train_sft] batches=614 prompts_processed=39296/207865 pairs_written=39296 global_pairs=39296The following generation flags are not valid and may be ignored: ['temperature', 'top_p', 'top_k']. Set `TRANSFORMERS_VERBOSITY=info` for more details.
The following generation flags are not valid and may be ignored: ['temperature', 'top_p', 'top_k']. Set `TRANSFORMERS_VERBOSITY=info` for more details.
The following generation flags are not valid and may be ignored: ['temperature', 'top_p', 'top_k']. Set `TRANSFORMERS_VERBOSITY=info` for more details.
The following generation flags are not valid and may be ignored: ['temperature', 'top_p', 'top_k']. Set `TRANSFORMERS_VERBOSITY=info` for more details.
The following generation flags are not valid and may be ignored: ['temperature', 'top_p', 'top_k']. Set `TRANSFORMERS_VERBOSITY=info` for more details.
The following generation flags are not valid and may be ignored: ['temperature', 'top_p', 'top_k']. Set `TRANSFORMERS_VERBOSITY=info` for more details.
The following generation flags are not valid and may be ignored: ['temperature', 'top_p', 'top_k']. Set `TRANSFORMERS_VERBOSITY=info` for more details.
The following generation flags are not valid and may be ignored: ['temperature', 'top_p', 'top_k']. Set `TRANSFORMERS_VERBOSITY=info` for more details.
The following generation flags are not valid and may be ignored: ['temperature', 'top_p', 'top_k']. Set `TRANSFORMERS_VERBOSITY=info` for more details.
The following generation flags are not valid and may be ignored: ['temperature', 'top_p', 'top_k']. Set `TRANSFORMERS_VERBOSITY=info` for more details.
The following generation flags are not valid and may be ignored: ['temperature', 'top_p', 'top_k']. Set `TRANSFORMERS_VERBOSITY=info` for more details.
The following generation flags are not valid and may be ignored: ['temperature', 'top_p', 'top_k']. Set `TRANSFORMERS_VERBOSITY=info` for more details.
The following generation flags are not valid and may be ignored: ['temperature', 'top_p', 'top_k']. Set `TRANSFORMERS_VERBOSITY=info` for more details.
The following generation flags are not valid and may be ignored: ['temperature', 'top_p', 'top_k']. Set `TRANSFORMERS_VERBOSITY=info` for more details.
The following generation flags are not valid and may be ignored: ['temperature', 'top_p', 'top_k']. Set `TRANSFORMERS_VERBOSITY=info` for more details.
The following generation flags are not valid and may be ignored: ['temperature', 'top_p', 'top_k']. Set `TRANSFORMERS_VERBOSITY=info` for more details.
The following generation flags are not valid and may be ignored: ['temperature', 'top_p', 'top_k']. Set `TRANSFORMERS_VERBOSITY=info` for more details.
The following generation flags are not valid and may be ignored: ['temperature', 'top_p', 'top_k']. Set `TRANSFORMERS_VERBOSITY=info` for more details.
The following generation flags are not valid and may be ignored: ['temperature', 'top_p', 'top_k']. Set `TRANSFORMERS_VERBOSITY=info` for more details.
The following generation flags are not valid and may be ignored: ['temperature', 'top_p', 'top_k']. Set `TRANSFORMERS_VERBOSITY=info` for more details.
The following generation flags are not valid and may be ignored: ['temperature', 'top_p', 'top_k']. Set `TRANSFORMERS_VERBOSITY=info` for more details.
The following generation flags are not valid and may be ignored: ['temperature', 'top_p', 'top_k']. Set `TRANSFORMERS_VERBOSITY=info` for more details.
The following generation flags are not valid and may be ignored: ['temperature', 'top_p', 'top_k']. Set `TRANSFORMERS_VERBOSITY=info` for more details.
The following generation flags are not valid and may be ignored: ['temperature', 'top_p', 'top_k']. Set `TRANSFORMERS_VERBOSITY=info` for more details.
The following generation flags are not valid and may be ignored: ['temperature', 'top_p', 'top_k']. Set `TRANSFORMERS_VERBOSITY=info` for more details.
The following generation flags are not valid and may be ignored: ['temperature', 'top_p', 'top_k']. Set `TRANSFORMERS_VERBOSITY=info` for more details.
The following generation flags are not valid and may be ignored: ['temperature', 'top_p', 'top_k']. Set `TRANSFORMERS_VERBOSITY=info` for more details.
The following generation flags are not valid and may be ignored: ['temperature', 'top_p', 'top_k']. Set `TRANSFORMERS_VERBOSITY=info` for more details.
The following generation flags are not valid and may be ignored: ['temperature', 'top_p', 'top_k']. Set `TRANSFORMERS_VERBOSITY=info` for more details.
The following generation flags are not valid and may be ignored: ['temperature', 'top_p', 'top_k']. Set `TRANSFORMERS_VERBOSITY=info` for more details.
The following generation flags are not valid and may be ignored: ['temperature', 'top_p', 'top_k']. Set `TRANSFORMERS_VERBOSITY=info` for more details.
The following generation flags are not valid and may be ignored: ['temperature', 'top_p', 'top_k']. Set `TRANSFORMERS_VERBOSITY=info` for more details.
The following generation flags are not valid and may be ignored: ['temperature', 'top_p', 'top_k']. Set `TRANSFORMERS_VERBOSITY=info` for more details.
The following generation flags are not valid and may be ignored: ['temperature', 'top_p', 'top_k']. Set `TRANSFORMERS_VERBOSITY=info` for more details.
The following generation flags are not valid and may be ignored: ['temperature', 'top_p', 'top_k']. Set `TRANSFORMERS_VERBOSITY=info` for more details.
The following generation flags are not valid and may be ignored: ['temperature', 'top_p', 'top_k']. Set `TRANSFORMERS_VERBOSITY=info` for more details.
The following generation flags are not valid and may be ignored: ['temperature', 'top_p', 'top_k']. Set `TRANSFORMERS_VERBOSITY=info` for more details.
The following generation flags are not valid and may be ignored: ['temperature', 'top_p', 'top_k']. Set `TRANSFORMERS_VERBOSITY=info` for more details.
The following generation flags are not valid and may be ignored: ['temperature', 'top_p', 'top_k']. Set `TRANSFORMERS_VERBOSITY=info` for more details.
The following generation flags are not valid and may be ignored: ['temperature', 'top_p', 'top_k']. Set `TRANSFORMERS_VERBOSITY=info` for more details.
The following generation flags are not valid and may be ignored: ['temperature', 'top_p', 'top_k']. Set `TRANSFORMERS_VERBOSITY=info` for more details.
The following generation flags are not valid and may be ignored: ['temperature', 'top_p', 'top_k']. Set `TRANSFORMERS_VERBOSITY=info` for more details.
The following generation flags are not valid and may be ignored: ['temperature', 'top_p', 'top_k']. Set `TRANSFORMERS_VERBOSITY=info` for more details.
The following generation flags are not valid and may be ignored: ['temperature', 'top_p', 'top_k']. Set `TRANSFORMERS_VERBOSITY=info` for more details.
The following generation flags are not valid and may be ignored: ['temperature', 'top_p', 'top_k']. Set `TRANSFORMERS_VERBOSITY=info` for more details.
The following generation flags are not valid and may be ignored: ['temperature', 'top_p', 'top_k']. Set `TRANSFORMERS_VERBOSITY=info` for more details.
The following generation flags are not valid and may be ignored: ['temperature', 'top_p', 'top_k']. Set `TRANSFORMERS_VERBOSITY=info` for more details.
The following generation flags are not valid and may be ignored: ['temperature', 'top_p', 'top_k']. Set `TRANSFORMERS_VERBOSITY=info` for more details.
The following generation flags are not valid and may be ignored: ['temperature', 'top_p', 'top_k']. Set `TRANSFORMERS_VERBOSITY=info` for more details.
The following generation flags are not valid and may be ignored: ['temperature', 'top_p', 'top_k']. Set `TRANSFORMERS_VERBOSITY=info` for more details.
The following generation flags are not valid and may be ignored: ['temperature', 'top_p', 'top_k']. Set `TRANSFORMERS_VERBOSITY=info` for more details.
The following generation flags are not valid and may be ignored: ['temperature', 'top_p', 'top_k']. Set `TRANSFORMERS_VERBOSITY=info` for more details.
The following generation flags are not valid and may be ignored: ['temperature', 'top_p', 'top_k']. Set `TRANSFORMERS_VERBOSITY=info` for more details.
The following generation flags are not valid and may be ignored: ['temperature', 'top_p', 'top_k']. Set `TRANSFORMERS_VERBOSITY=info` for more details.
The following generation flags are not valid and may be ignored: ['temperature', 'top_p', 'top_k']. Set `TRANSFORMERS_VERBOSITY=info` for more details.
The following generation flags are not valid and may be ignored: ['temperature', 'top_p', 'top_k']. Set `TRANSFORMERS_VERBOSITY=info` for more details.
The following generation flags are not valid and may be ignored: ['temperature', 'top_p', 'top_k']. Set `TRANSFORMERS_VERBOSITY=info` for more details.
The following generation flags are not valid and may be ignored: ['temperature', 'top_p', 'top_k']. Set `TRANSFORMERS_VERBOSITY=info` for more details.
The following generation flags are not valid and may be ignored: ['temperature', 'top_p', 'top_k']. Set `TRANSFORMERS_VERBOSITY=info` for more details.
The following generation flags are not valid and may be ignored: ['temperature', 'top_p', 'top_k']. Set `TRANSFORMERS_VERBOSITY=info` for more details.
The following generation flags are not valid and may be ignored: ['temperature', 'top_p', 'top_k']. Set `TRANSFORMERS_VERBOSITY=info` for more details.
The following generation flags are not valid and may be ignored: ['temperature', 'top_p', 'top_k']. Set `TRANSFORMERS_VERBOSITY=info` for more details.
The following generation flags are not valid and may be ignored: ['temperature', 'top_p', 'top_k']. Set `TRANSFORMERS_VERBOSITY=info` for more details.
The following generation flags are not valid and may be ignored: ['temperature', 'top_p', 'top_k']. Set `TRANSFORMERS_VERBOSITY=info` for more details.
The following generation flags are not valid and may be ignored: ['temperature', 'top_p', 'top_k']. Set `TRANSFORMERS_VERBOSITY=info` for more details.
The following generation flags are not valid and may be ignored: ['temperature', 'top_p', 'top_k']. Set `TRANSFORMERS_VERBOSITY=info` for more details.
The following generation flags are not valid and may be ignored: ['temperature', 'top_p', 'top_k']. Set `TRANSFORMERS_VERBOSITY=info` for more details.
The following generation flags are not valid and may be ignored: ['temperature', 'top_p', 'top_k']. Set `TRANSFORMERS_VERBOSITY=info` for more details.
The following generation flags are not valid and may be ignored: ['temperature', 'top_p', 'top_k']. Set `TRANSFORMERS_VERBOSITY=info` for more details.
The following generation flags are not valid and may be ignored: ['temperature', 'top_p', 'top_k']. Set `TRANSFORMERS_VERBOSITY=info` for more details.
The following generation flags are not valid and may be ignored: ['temperature', 'top_p', 'top_k']. Set `TRANSFORMERS_VERBOSITY=info` for more details.
The following generation flags are not valid and may be ignored: ['temperature', 'top_p', 'top_k']. Set `TRANSFORMERS_VERBOSITY=info` for more details.
The following generation flags are not valid and may be ignored: ['temperature', 'top_p', 'top_k']. Set `TRANSFORMERS_VERBOSITY=info` for more details.
The following generation flags are not valid and may be ignored: ['temperature', 'top_p', 'top_k']. Set `TRANSFORMERS_VERBOSITY=info` for more details.
The following generation flags are not valid and may be ignored: ['temperature', 'top_p', 'top_k']. Set `TRANSFORMERS_VERBOSITY=info` for more details.
The following generation flags are not valid and may be ignored: ['temperature', 'top_p', 'top_k']. Set `TRANSFORMERS_VERBOSITY=info` for more details.

[Self-Distill][train_sft] batches=615 prompts_processed=39360/207865 pairs_written=39360 global_pairs=39360
[Self-Distill][train_sft] batches=616 prompts_processed=39424/207865 pairs_written=39424 global_pairs=39424
[Self-Distill][train_sft] batches=617 prompts_processed=39488/207865 pairs_written=39488 global_pairs=39488
[Self-Distill][train_sft] batches=618 prompts_processed=39552/207865 pairs_written=39552 global_pairs=39552
[Self-Distill][train_sft] batches=619 prompts_processed=39616/207865 pairs_written=39616 global_pairs=39616
[Self-Distill][train_sft] batches=620 prompts_processed=39680/207865 pairs_written=39680 global_pairs=39680
[Self-Distill][train_sft] batches=621 prompts_processed=39744/207865 pairs_written=39744 global_pairs=39744
[Self-Distill][train_sft] batches=622 prompts_processed=39808/207865 pairs_written=39808 global_pairs=39808
[Self-Distill][train_sft] batches=623 prompts_processed=39872/207865 pairs_written=39872 global_pairs=39872
[Self-Distill][train_sft] batches=624 prompts_processed=39936/207865 pairs_written=39936 global_pairs=39936
[Self-Distill][train_sft] batches=625 prompts_processed=40000/207865 pairs_written=40000 global_pairs=40000
[Self-Distill][train_sft] batches=626 prompts_processed=40064/207865 pairs_written=40064 global_pairs=40064
[Self-Distill][train_sft] batches=627 prompts_processed=40128/207865 pairs_written=40128 global_pairs=40128
[Self-Distill][train_sft] batches=628 prompts_processed=40192/207865 pairs_written=40192 global_pairs=40192
[Self-Distill][train_sft] batches=629 prompts_processed=40256/207865 pairs_written=40256 global_pairs=40256
[Self-Distill][train_sft] batches=630 prompts_processed=40320/207865 pairs_written=40320 global_pairs=40320
[Self-Distill][train_sft] batches=631 prompts_processed=40384/207865 pairs_written=40384 global_pairs=40384
[Self-Distill][train_sft] batches=632 prompts_processed=40448/207865 pairs_written=40448 global_pairs=40448
[Self-Distill][train_sft] batches=633 prompts_processed=40512/207865 pairs_written=40512 global_pairs=40512
[Self-Distill][train_sft] batches=634 prompts_processed=40576/207865 pairs_written=40576 global_pairs=40576
[Self-Distill][train_sft] batches=635 prompts_processed=40640/207865 pairs_written=40640 global_pairs=40640
[Self-Distill][train_sft] batches=636 prompts_processed=40704/207865 pairs_written=40704 global_pairs=40704
[Self-Distill][train_sft] batches=637 prompts_processed=40768/207865 pairs_written=40768 global_pairs=40768
[Self-Distill][train_sft] batches=638 prompts_processed=40832/207865 pairs_written=40832 global_pairs=40832
[Self-Distill][train_sft] batches=639 prompts_processed=40896/207865 pairs_written=40896 global_pairs=40896
[Self-Distill][train_sft] batches=640 prompts_processed=40960/207865 pairs_written=40960 global_pairs=40960
[Self-Distill][train_sft] batches=641 prompts_processed=41024/207865 pairs_written=41024 global_pairs=41024
[Self-Distill][train_sft] batches=642 prompts_processed=41088/207865 pairs_written=41088 global_pairs=41088
[Self-Distill][train_sft] batches=643 prompts_processed=41152/207865 pairs_written=41152 global_pairs=41152
[Self-Distill][train_sft] batches=644 prompts_processed=41216/207865 pairs_written=41216 global_pairs=41216
[Self-Distill][train_sft] batches=645 prompts_processed=41280/207865 pairs_written=41280 global_pairs=41280
[Self-Distill][train_sft] batches=646 prompts_processed=41344/207865 pairs_written=41344 global_pairs=41344
[Self-Distill][train_sft] batches=647 prompts_processed=41408/207865 pairs_written=41408 global_pairs=41408
[Self-Distill][train_sft] batches=648 prompts_processed=41472/207865 pairs_written=41472 global_pairs=41472
[Self-Distill][train_sft] batches=649 prompts_processed=41536/207865 pairs_written=41536 global_pairs=41536
[Self-Distill][train_sft] batches=650 prompts_processed=41600/207865 pairs_written=41600 global_pairs=41600
[Self-Distill][train_sft] batches=651 prompts_processed=41664/207865 pairs_written=41664 global_pairs=41664
[Self-Distill][train_sft] batches=652 prompts_processed=41728/207865 pairs_written=41728 global_pairs=41728
[Self-Distill][train_sft] batches=653 prompts_processed=41792/207865 pairs_written=41792 global_pairs=41792
[Self-Distill][train_sft] batches=654 prompts_processed=41856/207865 pairs_written=41856 global_pairs=41856
[Self-Distill][train_sft] batches=655 prompts_processed=41920/207865 pairs_written=41920 global_pairs=41920
[Self-Distill][train_sft] batches=656 prompts_processed=41984/207865 pairs_written=41984 global_pairs=41984
[Self-Distill][train_sft] batches=657 prompts_processed=42048/207865 pairs_written=42048 global_pairs=42048
[Self-Distill][train_sft] batches=658 prompts_processed=42112/207865 pairs_written=42112 global_pairs=42112
[Self-Distill][train_sft] batches=659 prompts_processed=42176/207865 pairs_written=42176 global_pairs=42176
[Self-Distill][train_sft] batches=660 prompts_processed=42240/207865 pairs_written=42240 global_pairs=42240
[Self-Distill][train_sft] batches=661 prompts_processed=42304/207865 pairs_written=42304 global_pairs=42304
[Self-Distill][train_sft] batches=662 prompts_processed=42368/207865 pairs_written=42368 global_pairs=42368
[Self-Distill][train_sft] batches=663 prompts_processed=42432/207865 pairs_written=42432 global_pairs=42432
[Self-Distill][train_sft] batches=664 prompts_processed=42496/207865 pairs_written=42496 global_pairs=42496
[Self-Distill][train_sft] batches=665 prompts_processed=42560/207865 pairs_written=42560 global_pairs=42560
[Self-Distill][train_sft] batches=666 prompts_processed=42624/207865 pairs_written=42624 global_pairs=42624
[Self-Distill][train_sft] batches=667 prompts_processed=42688/207865 pairs_written=42688 global_pairs=42688
[Self-Distill][train_sft] batches=668 prompts_processed=42752/207865 pairs_written=42752 global_pairs=42752
[Self-Distill][train_sft] batches=669 prompts_processed=42816/207865 pairs_written=42816 global_pairs=42816
[Self-Distill][train_sft] batches=670 prompts_processed=42880/207865 pairs_written=42880 global_pairs=42880
[Self-Distill][train_sft] batches=671 prompts_processed=42944/207865 pairs_written=42944 global_pairs=42944
[Self-Distill][train_sft] batches=672 prompts_processed=43008/207865 pairs_written=43008 global_pairs=43008
[Self-Distill][train_sft] batches=673 prompts_processed=43072/207865 pairs_written=43072 global_pairs=43072
[Self-Distill][train_sft] batches=674 prompts_processed=43136/207865 pairs_written=43136 global_pairs=43136
[Self-Distill][train_sft] batches=675 prompts_processed=43200/207865 pairs_written=43200 global_pairs=43200
[Self-Distill][train_sft] batches=676 prompts_processed=43264/207865 pairs_written=43264 global_pairs=43264
[Self-Distill][train_sft] batches=677 prompts_processed=43328/207865 pairs_written=43328 global_pairs=43328
[Self-Distill][train_sft] batches=678 prompts_processed=43392/207865 pairs_written=43392 global_pairs=43392
[Self-Distill][train_sft] batches=679 prompts_processed=43456/207865 pairs_written=43456 global_pairs=43456
[Self-Distill][train_sft] batches=680 prompts_processed=43520/207865 pairs_written=43520 global_pairs=43520
[Self-Distill][train_sft] batches=681 prompts_processed=43584/207865 pairs_written=43584 global_pairs=43584
[Self-Distill][train_sft] batches=682 prompts_processed=43648/207865 pairs_written=43648 global_pairs=43648
[Self-Distill][train_sft] batches=683 prompts_processed=43712/207865 pairs_written=43712 global_pairs=43712
[Self-Distill][train_sft] batches=684 prompts_processed=43776/207865 pairs_written=43776 global_pairs=43776
[Self-Distill][train_sft] batches=685 prompts_processed=43840/207865 pairs_written=43840 global_pairs=43840
[Self-Distill][train_sft] batches=686 prompts_processed=43904/207865 pairs_written=43904 global_pairs=43904
[Self-Distill][train_sft] batches=687 prompts_processed=43968/207865 pairs_written=43968 global_pairs=43968
[Self-Distill][train_sft] batches=688 prompts_processed=44032/207865 pairs_written=44032 global_pairs=44032
[Self-Distill][train_sft] batches=689 prompts_processed=44096/207865 pairs_written=44096 global_pairs=44096
[Self-Distill][train_sft] batches=690 prompts_processed=44160/207865 pairs_written=44160 global_pairs=44160The following generation flags are not valid and may be ignored: ['temperature', 'top_p', 'top_k']. Set `TRANSFORMERS_VERBOSITY=info` for more details.
The following generation flags are not valid and may be ignored: ['temperature', 'top_p', 'top_k']. Set `TRANSFORMERS_VERBOSITY=info` for more details.
The following generation flags are not valid and may be ignored: ['temperature', 'top_p', 'top_k']. Set `TRANSFORMERS_VERBOSITY=info` for more details.
The following generation flags are not valid and may be ignored: ['temperature', 'top_p', 'top_k']. Set `TRANSFORMERS_VERBOSITY=info` for more details.
The following generation flags are not valid and may be ignored: ['temperature', 'top_p', 'top_k']. Set `TRANSFORMERS_VERBOSITY=info` for more details.
The following generation flags are not valid and may be ignored: ['temperature', 'top_p', 'top_k']. Set `TRANSFORMERS_VERBOSITY=info` for more details.
The following generation flags are not valid and may be ignored: ['temperature', 'top_p', 'top_k']. Set `TRANSFORMERS_VERBOSITY=info` for more details.
The following generation flags are not valid and may be ignored: ['temperature', 'top_p', 'top_k']. Set `TRANSFORMERS_VERBOSITY=info` for more details.
The following generation flags are not valid and may be ignored: ['temperature', 'top_p', 'top_k']. Set `TRANSFORMERS_VERBOSITY=info` for more details.
The following generation flags are not valid and may be ignored: ['temperature', 'top_p', 'top_k']. Set `TRANSFORMERS_VERBOSITY=info` for more details.
The following generation flags are not valid and may be ignored: ['temperature', 'top_p', 'top_k']. Set `TRANSFORMERS_VERBOSITY=info` for more details.
The following generation flags are not valid and may be ignored: ['temperature', 'top_p', 'top_k']. Set `TRANSFORMERS_VERBOSITY=info` for more details.
The following generation flags are not valid and may be ignored: ['temperature', 'top_p', 'top_k']. Set `TRANSFORMERS_VERBOSITY=info` for more details.
The following generation flags are not valid and may be ignored: ['temperature', 'top_p', 'top_k']. Set `TRANSFORMERS_VERBOSITY=info` for more details.
The following generation flags are not valid and may be ignored: ['temperature', 'top_p', 'top_k']. Set `TRANSFORMERS_VERBOSITY=info` for more details.
The following generation flags are not valid and may be ignored: ['temperature', 'top_p', 'top_k']. Set `TRANSFORMERS_VERBOSITY=info` for more details.
The following generation flags are not valid and may be ignored: ['temperature', 'top_p', 'top_k']. Set `TRANSFORMERS_VERBOSITY=info` for more details.
The following generation flags are not valid and may be ignored: ['temperature', 'top_p', 'top_k']. Set `TRANSFORMERS_VERBOSITY=info` for more details.
The following generation flags are not valid and may be ignored: ['temperature', 'top_p', 'top_k']. Set `TRANSFORMERS_VERBOSITY=info` for more details.
The following generation flags are not valid and may be ignored: ['temperature', 'top_p', 'top_k']. Set `TRANSFORMERS_VERBOSITY=info` for more details.
The following generation flags are not valid and may be ignored: ['temperature', 'top_p', 'top_k']. Set `TRANSFORMERS_VERBOSITY=info` for more details.
The following generation flags are not valid and may be ignored: ['temperature', 'top_p', 'top_k']. Set `TRANSFORMERS_VERBOSITY=info` for more details.
The following generation flags are not valid and may be ignored: ['temperature', 'top_p', 'top_k']. Set `TRANSFORMERS_VERBOSITY=info` for more details.
The following generation flags are not valid and may be ignored: ['temperature', 'top_p', 'top_k']. Set `TRANSFORMERS_VERBOSITY=info` for more details.
The following generation flags are not valid and may be ignored: ['temperature', 'top_p', 'top_k']. Set `TRANSFORMERS_VERBOSITY=info` for more details.
The following generation flags are not valid and may be ignored: ['temperature', 'top_p', 'top_k']. Set `TRANSFORMERS_VERBOSITY=info` for more details.
The following generation flags are not valid and may be ignored: ['temperature', 'top_p', 'top_k']. Set `TRANSFORMERS_VERBOSITY=info` for more details.
The following generation flags are not valid and may be ignored: ['temperature', 'top_p', 'top_k']. Set `TRANSFORMERS_VERBOSITY=info` for more details.
The following generation flags are not valid and may be ignored: ['temperature', 'top_p', 'top_k']. Set `TRANSFORMERS_VERBOSITY=info` for more details.
The following generation flags are not valid and may be ignored: ['temperature', 'top_p', 'top_k']. Set `TRANSFORMERS_VERBOSITY=info` for more details.
The following generation flags are not valid and may be ignored: ['temperature', 'top_p', 'top_k']. Set `TRANSFORMERS_VERBOSITY=info` for more details.
The following generation flags are not valid and may be ignored: ['temperature', 'top_p', 'top_k']. Set `TRANSFORMERS_VERBOSITY=info` for more details.
The following generation flags are not valid and may be ignored: ['temperature', 'top_p', 'top_k']. Set `TRANSFORMERS_VERBOSITY=info` for more details.
The following generation flags are not valid and may be ignored: ['temperature', 'top_p', 'top_k']. Set `TRANSFORMERS_VERBOSITY=info` for more details.
The following generation flags are not valid and may be ignored: ['temperature', 'top_p', 'top_k']. Set `TRANSFORMERS_VERBOSITY=info` for more details.
The following generation flags are not valid and may be ignored: ['temperature', 'top_p', 'top_k']. Set `TRANSFORMERS_VERBOSITY=info` for more details.
The following generation flags are not valid and may be ignored: ['temperature', 'top_p', 'top_k']. Set `TRANSFORMERS_VERBOSITY=info` for more details.
The following generation flags are not valid and may be ignored: ['temperature', 'top_p', 'top_k']. Set `TRANSFORMERS_VERBOSITY=info` for more details.
The following generation flags are not valid and may be ignored: ['temperature', 'top_p', 'top_k']. Set `TRANSFORMERS_VERBOSITY=info` for more details.
The following generation flags are not valid and may be ignored: ['temperature', 'top_p', 'top_k']. Set `TRANSFORMERS_VERBOSITY=info` for more details.
The following generation flags are not valid and may be ignored: ['temperature', 'top_p', 'top_k']. Set `TRANSFORMERS_VERBOSITY=info` for more details.
The following generation flags are not valid and may be ignored: ['temperature', 'top_p', 'top_k']. Set `TRANSFORMERS_VERBOSITY=info` for more details.
The following generation flags are not valid and may be ignored: ['temperature', 'top_p', 'top_k']. Set `TRANSFORMERS_VERBOSITY=info` for more details.
The following generation flags are not valid and may be ignored: ['temperature', 'top_p', 'top_k']. Set `TRANSFORMERS_VERBOSITY=info` for more details.
The following generation flags are not valid and may be ignored: ['temperature', 'top_p', 'top_k']. Set `TRANSFORMERS_VERBOSITY=info` for more details.
The following generation flags are not valid and may be ignored: ['temperature', 'top_p', 'top_k']. Set `TRANSFORMERS_VERBOSITY=info` for more details.
The following generation flags are not valid and may be ignored: ['temperature', 'top_p', 'top_k']. Set `TRANSFORMERS_VERBOSITY=info` for more details.
The following generation flags are not valid and may be ignored: ['temperature', 'top_p', 'top_k']. Set `TRANSFORMERS_VERBOSITY=info` for more details.
The following generation flags are not valid and may be ignored: ['temperature', 'top_p', 'top_k']. Set `TRANSFORMERS_VERBOSITY=info` for more details.
The following generation flags are not valid and may be ignored: ['temperature', 'top_p', 'top_k']. Set `TRANSFORMERS_VERBOSITY=info` for more details.
The following generation flags are not valid and may be ignored: ['temperature', 'top_p', 'top_k']. Set `TRANSFORMERS_VERBOSITY=info` for more details.
The following generation flags are not valid and may be ignored: ['temperature', 'top_p', 'top_k']. Set `TRANSFORMERS_VERBOSITY=info` for more details.
The following generation flags are not valid and may be ignored: ['temperature', 'top_p', 'top_k']. Set `TRANSFORMERS_VERBOSITY=info` for more details.
The following generation flags are not valid and may be ignored: ['temperature', 'top_p', 'top_k']. Set `TRANSFORMERS_VERBOSITY=info` for more details.
The following generation flags are not valid and may be ignored: ['temperature', 'top_p', 'top_k']. Set `TRANSFORMERS_VERBOSITY=info` for more details.
The following generation flags are not valid and may be ignored: ['temperature', 'top_p', 'top_k']. Set `TRANSFORMERS_VERBOSITY=info` for more details.
The following generation flags are not valid and may be ignored: ['temperature', 'top_p', 'top_k']. Set `TRANSFORMERS_VERBOSITY=info` for more details.
The following generation flags are not valid and may be ignored: ['temperature', 'top_p', 'top_k']. Set `TRANSFORMERS_VERBOSITY=info` for more details.
The following generation flags are not valid and may be ignored: ['temperature', 'top_p', 'top_k']. Set `TRANSFORMERS_VERBOSITY=info` for more details.
The following generation flags are not valid and may be ignored: ['temperature', 'top_p', 'top_k']. Set `TRANSFORMERS_VERBOSITY=info` for more details.
The following generation flags are not valid and may be ignored: ['temperature', 'top_p', 'top_k']. Set `TRANSFORMERS_VERBOSITY=info` for more details.
The following generation flags are not valid and may be ignored: ['temperature', 'top_p', 'top_k']. Set `TRANSFORMERS_VERBOSITY=info` for more details.
The following generation flags are not valid and may be ignored: ['temperature', 'top_p', 'top_k']. Set `TRANSFORMERS_VERBOSITY=info` for more details.
The following generation flags are not valid and may be ignored: ['temperature', 'top_p', 'top_k']. Set `TRANSFORMERS_VERBOSITY=info` for more details.
The following generation flags are not valid and may be ignored: ['temperature', 'top_p', 'top_k']. Set `TRANSFORMERS_VERBOSITY=info` for more details.
The following generation flags are not valid and may be ignored: ['temperature', 'top_p', 'top_k']. Set `TRANSFORMERS_VERBOSITY=info` for more details.
The following generation flags are not valid and may be ignored: ['temperature', 'top_p', 'top_k']. Set `TRANSFORMERS_VERBOSITY=info` for more details.
The following generation flags are not valid and may be ignored: ['temperature', 'top_p', 'top_k']. Set `TRANSFORMERS_VERBOSITY=info` for more details.
The following generation flags are not valid and may be ignored: ['temperature', 'top_p', 'top_k']. Set `TRANSFORMERS_VERBOSITY=info` for more details.
The following generation flags are not valid and may be ignored: ['temperature', 'top_p', 'top_k']. Set `TRANSFORMERS_VERBOSITY=info` for more details.
The following generation flags are not valid and may be ignored: ['temperature', 'top_p', 'top_k']. Set `TRANSFORMERS_VERBOSITY=info` for more details.
The following generation flags are not valid and may be ignored: ['temperature', 'top_p', 'top_k']. Set `TRANSFORMERS_VERBOSITY=info` for more details.
The following generation flags are not valid and may be ignored: ['temperature', 'top_p', 'top_k']. Set `TRANSFORMERS_VERBOSITY=info` for more details.
The following generation flags are not valid and may be ignored: ['temperature', 'top_p', 'top_k']. Set `TRANSFORMERS_VERBOSITY=info` for more details.
The following generation flags are not valid and may be ignored: ['temperature', 'top_p', 'top_k']. Set `TRANSFORMERS_VERBOSITY=info` for more details.
The following generation flags are not valid and may be ignored: ['temperature', 'top_p', 'top_k']. Set `TRANSFORMERS_VERBOSITY=info` for more details.

[Self-Distill][train_sft] batches=691 prompts_processed=44224/207865 pairs_written=44224 global_pairs=44224
[Self-Distill][train_sft] batches=692 prompts_processed=44288/207865 pairs_written=44288 global_pairs=44288
[Self-Distill][train_sft] batches=693 prompts_processed=44352/207865 pairs_written=44352 global_pairs=44352
[Self-Distill][train_sft] batches=694 prompts_processed=44416/207865 pairs_written=44416 global_pairs=44416
[Self-Distill][train_sft] batches=695 prompts_processed=44480/207865 pairs_written=44480 global_pairs=44480
[Self-Distill][train_sft] batches=696 prompts_processed=44544/207865 pairs_written=44544 global_pairs=44544
[Self-Distill][train_sft] batches=697 prompts_processed=44608/207865 pairs_written=44608 global_pairs=44608
[Self-Distill][train_sft] batches=698 prompts_processed=44672/207865 pairs_written=44672 global_pairs=44672
[Self-Distill][train_sft] batches=699 prompts_processed=44736/207865 pairs_written=44736 global_pairs=44736
[Self-Distill][train_sft] batches=700 prompts_processed=44800/207865 pairs_written=44800 global_pairs=44800
[Self-Distill][train_sft] batches=701 prompts_processed=44864/207865 pairs_written=44864 global_pairs=44864
[Self-Distill][train_sft] batches=702 prompts_processed=44928/207865 pairs_written=44928 global_pairs=44928
[Self-Distill][train_sft] batches=703 prompts_processed=44992/207865 pairs_written=44992 global_pairs=44992
[Self-Distill][train_sft] batches=704 prompts_processed=45056/207865 pairs_written=45056 global_pairs=45056
[Self-Distill][train_sft] batches=705 prompts_processed=45120/207865 pairs_written=45120 global_pairs=45120
[Self-Distill][train_sft] batches=706 prompts_processed=45184/207865 pairs_written=45184 global_pairs=45184
[Self-Distill][train_sft] batches=707 prompts_processed=45248/207865 pairs_written=45248 global_pairs=45248
[Self-Distill][train_sft] batches=708 prompts_processed=45312/207865 pairs_written=45312 global_pairs=45312
[Self-Distill][train_sft] batches=709 prompts_processed=45376/207865 pairs_written=45376 global_pairs=45376
[Self-Distill][train_sft] batches=710 prompts_processed=45440/207865 pairs_written=45440 global_pairs=45440
[Self-Distill][train_sft] batches=711 prompts_processed=45504/207865 pairs_written=45504 global_pairs=45504
[Self-Distill][train_sft] batches=712 prompts_processed=45568/207865 pairs_written=45568 global_pairs=45568
[Self-Distill][train_sft] batches=713 prompts_processed=45632/207865 pairs_written=45632 global_pairs=45632
[Self-Distill][train_sft] batches=714 prompts_processed=45696/207865 pairs_written=45696 global_pairs=45696
[Self-Distill][train_sft] batches=715 prompts_processed=45760/207865 pairs_written=45760 global_pairs=45760
[Self-Distill][train_sft] batches=716 prompts_processed=45824/207865 pairs_written=45824 global_pairs=45824
[Self-Distill][train_sft] batches=717 prompts_processed=45888/207865 pairs_written=45888 global_pairs=45888
[Self-Distill][train_sft] batches=718 prompts_processed=45952/207865 pairs_written=45952 global_pairs=45952
[Self-Distill][train_sft] batches=719 prompts_processed=46016/207865 pairs_written=46016 global_pairs=46016
[Self-Distill][train_sft] batches=720 prompts_processed=46080/207865 pairs_written=46080 global_pairs=46080
[Self-Distill][train_sft] batches=721 prompts_processed=46144/207865 pairs_written=46144 global_pairs=46144
[Self-Distill][train_sft] batches=722 prompts_processed=46208/207865 pairs_written=46208 global_pairs=46208
[Self-Distill][train_sft] batches=723 prompts_processed=46272/207865 pairs_written=46272 global_pairs=46272
[Self-Distill][train_sft] batches=724 prompts_processed=46336/207865 pairs_written=46336 global_pairs=46336
[Self-Distill][train_sft] batches=725 prompts_processed=46400/207865 pairs_written=46400 global_pairs=46400
[Self-Distill][train_sft] batches=726 prompts_processed=46464/207865 pairs_written=46464 global_pairs=46464
[Self-Distill][train_sft] batches=727 prompts_processed=46528/207865 pairs_written=46528 global_pairs=46528
[Self-Distill][train_sft] batches=728 prompts_processed=46592/207865 pairs_written=46592 global_pairs=46592
[Self-Distill][train_sft] batches=729 prompts_processed=46656/207865 pairs_written=46656 global_pairs=46656
[Self-Distill][train_sft] batches=730 prompts_processed=46720/207865 pairs_written=46720 global_pairs=46720
[Self-Distill][train_sft] batches=731 prompts_processed=46784/207865 pairs_written=46784 global_pairs=46784
[Self-Distill][train_sft] batches=732 prompts_processed=46848/207865 pairs_written=46848 global_pairs=46848
[Self-Distill][train_sft] batches=733 prompts_processed=46912/207865 pairs_written=46912 global_pairs=46912
[Self-Distill][train_sft] batches=734 prompts_processed=46976/207865 pairs_written=46976 global_pairs=46976
[Self-Distill][train_sft] batches=735 prompts_processed=47040/207865 pairs_written=47040 global_pairs=47040
[Self-Distill][train_sft] batches=736 prompts_processed=47104/207865 pairs_written=47104 global_pairs=47104
[Self-Distill][train_sft] batches=737 prompts_processed=47168/207865 pairs_written=47168 global_pairs=47168
[Self-Distill][train_sft] batches=738 prompts_processed=47232/207865 pairs_written=47232 global_pairs=47232
[Self-Distill][train_sft] batches=739 prompts_processed=47296/207865 pairs_written=47296 global_pairs=47296
[Self-Distill][train_sft] batches=740 prompts_processed=47360/207865 pairs_written=47360 global_pairs=47360
[Self-Distill][train_sft] batches=741 prompts_processed=47424/207865 pairs_written=47424 global_pairs=47424
[Self-Distill][train_sft] batches=742 prompts_processed=47488/207865 pairs_written=47488 global_pairs=47488
[Self-Distill][train_sft] batches=743 prompts_processed=47552/207865 pairs_written=47552 global_pairs=47552
[Self-Distill][train_sft] batches=744 prompts_processed=47616/207865 pairs_written=47616 global_pairs=47616
[Self-Distill][train_sft] batches=745 prompts_processed=47680/207865 pairs_written=47680 global_pairs=47680
[Self-Distill][train_sft] batches=746 prompts_processed=47744/207865 pairs_written=47744 global_pairs=47744
[Self-Distill][train_sft] batches=747 prompts_processed=47808/207865 pairs_written=47808 global_pairs=47808
[Self-Distill][train_sft] batches=748 prompts_processed=47872/207865 pairs_written=47872 global_pairs=47872
[Self-Distill][train_sft] batches=749 prompts_processed=47936/207865 pairs_written=47936 global_pairs=47936
[Self-Distill][train_sft] batches=750 prompts_processed=48000/207865 pairs_written=48000 global_pairs=48000
[Self-Distill][train_sft] batches=751 prompts_processed=48064/207865 pairs_written=48064 global_pairs=48064
[Self-Distill][train_sft] batches=752 prompts_processed=48128/207865 pairs_written=48128 global_pairs=48128
[Self-Distill][train_sft] batches=753 prompts_processed=48192/207865 pairs_written=48192 global_pairs=48192
[Self-Distill][train_sft] batches=754 prompts_processed=48256/207865 pairs_written=48256 global_pairs=48256
[Self-Distill][train_sft] batches=755 prompts_processed=48320/207865 pairs_written=48320 global_pairs=48320
[Self-Distill][train_sft] batches=756 prompts_processed=48384/207865 pairs_written=48384 global_pairs=48384
[Self-Distill][train_sft] batches=757 prompts_processed=48448/207865 pairs_written=48448 global_pairs=48448
[Self-Distill][train_sft] batches=758 prompts_processed=48512/207865 pairs_written=48512 global_pairs=48512
[Self-Distill][train_sft] batches=759 prompts_processed=48576/207865 pairs_written=48576 global_pairs=48576
[Self-Distill][train_sft] batches=760 prompts_processed=48640/207865 pairs_written=48640 global_pairs=48640
[Self-Distill][train_sft] batches=761 prompts_processed=48704/207865 pairs_written=48704 global_pairs=48704
[Self-Distill][train_sft] batches=762 prompts_processed=48768/207865 pairs_written=48768 global_pairs=48768
[Self-Distill][train_sft] batches=763 prompts_processed=48832/207865 pairs_written=48832 global_pairs=48832
[Self-Distill][train_sft] batches=764 prompts_processed=48896/207865 pairs_written=48896 global_pairs=48896
[Self-Distill][train_sft] batches=765 prompts_processed=48960/207865 pairs_written=48960 global_pairs=48960
[Self-Distill][train_sft] batches=766 prompts_processed=49024/207865 pairs_written=49024 global_pairs=49024The following generation flags are not valid and may be ignored: ['temperature', 'top_p', 'top_k']. Set `TRANSFORMERS_VERBOSITY=info` for more details.
The following generation flags are not valid and may be ignored: ['temperature', 'top_p', 'top_k']. Set `TRANSFORMERS_VERBOSITY=info` for more details.
The following generation flags are not valid and may be ignored: ['temperature', 'top_p', 'top_k']. Set `TRANSFORMERS_VERBOSITY=info` for more details.
The following generation flags are not valid and may be ignored: ['temperature', 'top_p', 'top_k']. Set `TRANSFORMERS_VERBOSITY=info` for more details.
The following generation flags are not valid and may be ignored: ['temperature', 'top_p', 'top_k']. Set `TRANSFORMERS_VERBOSITY=info` for more details.
The following generation flags are not valid and may be ignored: ['temperature', 'top_p', 'top_k']. Set `TRANSFORMERS_VERBOSITY=info` for more details.
The following generation flags are not valid and may be ignored: ['temperature', 'top_p', 'top_k']. Set `TRANSFORMERS_VERBOSITY=info` for more details.
The following generation flags are not valid and may be ignored: ['temperature', 'top_p', 'top_k']. Set `TRANSFORMERS_VERBOSITY=info` for more details.
The following generation flags are not valid and may be ignored: ['temperature', 'top_p', 'top_k']. Set `TRANSFORMERS_VERBOSITY=info` for more details.
The following generation flags are not valid and may be ignored: ['temperature', 'top_p', 'top_k']. Set `TRANSFORMERS_VERBOSITY=info` for more details.
The following generation flags are not valid and may be ignored: ['temperature', 'top_p', 'top_k']. Set `TRANSFORMERS_VERBOSITY=info` for more details.
The following generation flags are not valid and may be ignored: ['temperature', 'top_p', 'top_k']. Set `TRANSFORMERS_VERBOSITY=info` for more details.
The following generation flags are not valid and may be ignored: ['temperature', 'top_p', 'top_k']. Set `TRANSFORMERS_VERBOSITY=info` for more details.
The following generation flags are not valid and may be ignored: ['temperature', 'top_p', 'top_k']. Set `TRANSFORMERS_VERBOSITY=info` for more details.
The following generation flags are not valid and may be ignored: ['temperature', 'top_p', 'top_k']. Set `TRANSFORMERS_VERBOSITY=info` for more details.
The following generation flags are not valid and may be ignored: ['temperature', 'top_p', 'top_k']. Set `TRANSFORMERS_VERBOSITY=info` for more details.
The following generation flags are not valid and may be ignored: ['temperature', 'top_p', 'top_k']. Set `TRANSFORMERS_VERBOSITY=info` for more details.
The following generation flags are not valid and may be ignored: ['temperature', 'top_p', 'top_k']. Set `TRANSFORMERS_VERBOSITY=info` for more details.
The following generation flags are not valid and may be ignored: ['temperature', 'top_p', 'top_k']. Set `TRANSFORMERS_VERBOSITY=info` for more details.
The following generation flags are not valid and may be ignored: ['temperature', 'top_p', 'top_k']. Set `TRANSFORMERS_VERBOSITY=info` for more details.
The following generation flags are not valid and may be ignored: ['temperature', 'top_p', 'top_k']. Set `TRANSFORMERS_VERBOSITY=info` for more details.
The following generation flags are not valid and may be ignored: ['temperature', 'top_p', 'top_k']. Set `TRANSFORMERS_VERBOSITY=info` for more details.
The following generation flags are not valid and may be ignored: ['temperature', 'top_p', 'top_k']. Set `TRANSFORMERS_VERBOSITY=info` for more details.
The following generation flags are not valid and may be ignored: ['temperature', 'top_p', 'top_k']. Set `TRANSFORMERS_VERBOSITY=info` for more details.
The following generation flags are not valid and may be ignored: ['temperature', 'top_p', 'top_k']. Set `TRANSFORMERS_VERBOSITY=info` for more details.
The following generation flags are not valid and may be ignored: ['temperature', 'top_p', 'top_k']. Set `TRANSFORMERS_VERBOSITY=info` for more details.
The following generation flags are not valid and may be ignored: ['temperature', 'top_p', 'top_k']. Set `TRANSFORMERS_VERBOSITY=info` for more details.
The following generation flags are not valid and may be ignored: ['temperature', 'top_p', 'top_k']. Set `TRANSFORMERS_VERBOSITY=info` for more details.
The following generation flags are not valid and may be ignored: ['temperature', 'top_p', 'top_k']. Set `TRANSFORMERS_VERBOSITY=info` for more details.
The following generation flags are not valid and may be ignored: ['temperature', 'top_p', 'top_k']. Set `TRANSFORMERS_VERBOSITY=info` for more details.
The following generation flags are not valid and may be ignored: ['temperature', 'top_p', 'top_k']. Set `TRANSFORMERS_VERBOSITY=info` for more details.
The following generation flags are not valid and may be ignored: ['temperature', 'top_p', 'top_k']. Set `TRANSFORMERS_VERBOSITY=info` for more details.
The following generation flags are not valid and may be ignored: ['temperature', 'top_p', 'top_k']. Set `TRANSFORMERS_VERBOSITY=info` for more details.
The following generation flags are not valid and may be ignored: ['temperature', 'top_p', 'top_k']. Set `TRANSFORMERS_VERBOSITY=info` for more details.
The following generation flags are not valid and may be ignored: ['temperature', 'top_p', 'top_k']. Set `TRANSFORMERS_VERBOSITY=info` for more details.
The following generation flags are not valid and may be ignored: ['temperature', 'top_p', 'top_k']. Set `TRANSFORMERS_VERBOSITY=info` for more details.
The following generation flags are not valid and may be ignored: ['temperature', 'top_p', 'top_k']. Set `TRANSFORMERS_VERBOSITY=info` for more details.
The following generation flags are not valid and may be ignored: ['temperature', 'top_p', 'top_k']. Set `TRANSFORMERS_VERBOSITY=info` for more details.
The following generation flags are not valid and may be ignored: ['temperature', 'top_p', 'top_k']. Set `TRANSFORMERS_VERBOSITY=info` for more details.
The following generation flags are not valid and may be ignored: ['temperature', 'top_p', 'top_k']. Set `TRANSFORMERS_VERBOSITY=info` for more details.
The following generation flags are not valid and may be ignored: ['temperature', 'top_p', 'top_k']. Set `TRANSFORMERS_VERBOSITY=info` for more details.
The following generation flags are not valid and may be ignored: ['temperature', 'top_p', 'top_k']. Set `TRANSFORMERS_VERBOSITY=info` for more details.
The following generation flags are not valid and may be ignored: ['temperature', 'top_p', 'top_k']. Set `TRANSFORMERS_VERBOSITY=info` for more details.
The following generation flags are not valid and may be ignored: ['temperature', 'top_p', 'top_k']. Set `TRANSFORMERS_VERBOSITY=info` for more details.
The following generation flags are not valid and may be ignored: ['temperature', 'top_p', 'top_k']. Set `TRANSFORMERS_VERBOSITY=info` for more details.
The following generation flags are not valid and may be ignored: ['temperature', 'top_p', 'top_k']. Set `TRANSFORMERS_VERBOSITY=info` for more details.
The following generation flags are not valid and may be ignored: ['temperature', 'top_p', 'top_k']. Set `TRANSFORMERS_VERBOSITY=info` for more details.
The following generation flags are not valid and may be ignored: ['temperature', 'top_p', 'top_k']. Set `TRANSFORMERS_VERBOSITY=info` for more details.
